,Year,Copper,Iron,Zinc,Manganese,Lead
0,2018.0,0.019,0.0,0.0,0.0,0.0
1,2018.0,0.033,0.008,0.448,0.0,0.448
2,2018.0,0.013,0.006,0.015,0.0,0.015
3,2018.0,0.0,0.0,0.006,0.0,0.006
4,2018.0,0.006,0.024,0.0,0.0,0.0
5,2018.0,0.005,0.0,0.007,0.0,0.007
6,2018.0,0.02,0.027,0.0,0.0,0.0
7,2018.0,0.01,0.025,0.006,0.0,0.006
8,2018.0,0.0,0.0,0.01,0.007,0.01
9,2018.0,0.0,0.115,0.007,0.014,0.007
10,2018.0,0.0,0.0,0.0,0.0,0.0
11,2018.0,0.0,0.0,0.015,0.026,0.015
12,2018.0,0.0,0.029,0.0,0.024,0.0
13,2018.0,0.0,0.0,0.009,0.021,0.009
14,2018.0,0.009,0.02,0.0,0.024,0.0
15,2018.0,0.011,0.026,0.0,0.015,0.0
16,2018.0,0.009,0.015,0.021,0.011,0.021
17,2018.0,0.0,0.0,0.0,0.006,0.0
18,2018.0,0.018,0.197,0.031,0.004,0.031
19,2018.0,0.019,0.184,0.034,0.004,0.034
20,2018.0,0.007,0.006,0.007,0.0,0.007
21,2018.0,0.016,0.039,0.005,0.003,0.005
22,2018.0,0.043,0.064,0.006,0.004,0.006
23,2018.0,0.0,0.0,0.0,0.0,0.0
24,2018.0,0.01,0.016,0.0,0.0,0.0
25,2018.0,0.0,0.016,0.031,0.0,0.031
26,2018.0,0.014,0.0,0.006,0.0,0.006
27,2018.0,0.023,0.011,0.011,0.003,0.011
28,2018.0,0.007,0.0,0.009,0.0,0.009
29,2018.0,0.018,0.0,0.0,0.0,0.0
30,2018.0,0.022,0.0,0.006,0.0,0.006
31,2018.0,0.063,0.01,0.006,0.0,0.006
32,2018.0,0.005,0.0,0.009,0.0,0.009
33,2018.0,0.0,0.0,0.0,0.0,0.0
34,2018.0,0.011,0.016,0.0,0.0,0.0
35,2018.0,0.038,0.008,0.0,0.0,0.0
36,2018.0,0.012,0.049,0.0,0.0,0.0
37,2018.0,0.016,0.017,0.0,0.0,0.0
38,2018.0,0.0,0.006,0.007,0.0,0.007
39,2018.0,0.014,0.03,0.008,0.0,0.008
40,2018.0,0.009,0.015,0.0,0.0,0.0
41,2018.0,0.008,0.017,0.0,0.0,0.0
42,2018.0,0.016,0.016,0.0,0.0,0.0
43,2018.0,0.192,0.017,0.023,0.0,0.023
44,2018.0,0.014,0.021,0.0,0.0,0.0
45,2018.0,0.0,0.017,0.0,0.0,0.0
46,2018.0,0.022,0.016,0.007,0.0,0.007
47,2018.0,0.043,0.02,0.01,0.0,0.01
48,2018.0,0.015,0.015,0.008,0.0,0.008
49,2018.0,0.0,0.063,0.0,0.0,0.0
50,2018.0,0.014,0.008,0.042,0.0,0.042
51,2018.0,0.005,0.009,0.0,0.0,0.0
52,2018.0,0.0,0.009,0.0,0.0,0.0
53,2018.0,0.061,0.0,0.014,0.0,0.014
54,2018.0,0.007,0.009,0.0,0.0,0.0
55,2018.0,0.0,0.024,0.007,0.0,0.007
56,2018.0,0.007,0.043,0.0,0.0,0.0
57,2018.0,0.015,0.015,0.0,0.0,0.0
58,2018.0,0.01,0.023,0.0,0.0,0.0
59,2018.0,0.006,0.0,0.0,0.0,0.0
60,2018.0,0.066,0.0,0.011,0.0,0.011
61,2018.0,0.0,0.044,0.0,0.0,0.0
62,2018.0,0.009,0.04,0.014,0.0,0.014
63,2018.0,0.011,0.035,0.0,0.0,0.0
64,2018.0,0.0,0.024,0.0,0.0,0.0
65,2018.0,0.008,0.01,0.0,0.0,0.0
66,2018.0,0.009,0.0,0.0,0.0,0.0
67,2018.0,0.007,0.01,0.0,0.0,0.0
68,2018.0,0.0,0.017,0.0,0.0,0.0
69,2018.0,0.11,0.009,0.0,0.0,0.0
70,2018.0,0.013,0.01,0.0,0.0,0.0
71,2018.0,0.007,0.012,0.0,0.0,0.0
72,2018.0,0.019,0.011,0.029,0.0,0.029
73,2018.0,0.014,0.031,0.007,0.0,0.007
74,2018.0,0.0,0.021,0.0,0.0,0.0
75,2018.0,0.021,0.0,0.005,0.0,0.005
76,2018.0,0.006,0.0,0.0,0.0,0.0
77,2018.0,0.0,0.019,0.0,0.0,0.0
78,2018.0,0.006,0.035,0.0,0.0,0.0
79,2018.0,0.013,0.005,0.007,0.0,0.007
80,2018.0,0.013,0.005,0.008,0.0,0.008
81,2018.0,0.007,0.036,0.0,0.0,0.0
82,2018.0,0.018,0.033,0.0,0.004,0.0
83,2018.0,0.0,0.033,0.0,0.0,0.0
84,2018.0,0.008,0.03,0.0,0.0,0.0
85,2018.0,0.011,0.013,0.006,0.0,0.006
86,2018.0,0.014,0.006,0.006,0.0,0.006
87,2018.0,0.008,0.0,0.0,0.0,0.0
88,2018.0,0.014,0.056,0.0,0.0,0.0
89,2018.0,0.163,0.006,0.024,0.0,0.024
90,2018.0,0.02,0.016,0.0,0.0,0.0
91,2018.0,0.0,0.008,0.0,0.0,0.0
92,2018.0,0.0,0.012,0.0,0.0,0.0
93,2018.0,0.011,0.073,0.0,0.002,0.0
94,2018.0,0.006,0.029,0.011,0.0,0.011
95,2018.0,0.016,0.383,0.015,0.004,0.015
96,2018.0,0.042,0.039,0.012,0.0,0.012
97,2018.0,0.007,0.031,0.005,0.0,0.005
98,2018.0,0.0,0.018,0.01,0.0,0.01
99,2018.0,0.006,0.037,0.0,0.0,0.0
100,2018.0,0.017,0.031,0.005,0.0,0.005
101,2018.0,0.005,0.028,0.0,0.0,0.0
102,2018.0,0.0,0.322,0.044,0.013,0.044
103,2018.0,0.014,0.395,0.0,0.012,0.0
104,2018.0,0.016,0.0,0.008,0.0,0.008
105,2018.0,0.0,0.0,0.0,0.0,0.0
106,2018.0,0.032,0.0,0.0,0.0,0.0
107,2018.0,0.039,0.026,0.0,0.0,0.0
108,2018.0,0.0,0.044,0.0,0.0,0.0
109,2018.0,0.011,0.01,0.0,0.0,0.0
110,2018.0,0.033,0.052,0.012,0.0,0.012
111,2018.0,0.012,0.007,0.0,0.0,0.0
112,2018.0,0.0,0.03,0.018,0.0,0.018
113,2018.0,0.007,0.007,0.0,0.0,0.0
114,2018.0,0.019,0.031,0.0,0.0,0.0
115,2018.0,0.007,0.037,0.0,0.0,0.0
116,2018.0,0.0,0.035,0.0,0.0,0.0
117,2018.0,0.01,0.046,0.007,0.0,0.007
118,2018.0,0.157,0.057,0.016,0.0,0.016
119,2018.0,0.0,0.03,0.0,0.0,0.0
120,2018.0,0.009,0.044,0.0,0.0,0.0
121,2018.0,0.0,0.026,0.0,0.0,0.0
122,2018.0,0.011,0.032,0.03,0.0,0.03
123,2018.0,0.0,0.059,0.0,0.0,0.0
124,2018.0,0.005,0.015,0.0,0.0,0.0
125,2018.0,0.0,0.041,0.008,0.0,0.008
126,2018.0,0.016,0.026,0.009,0.0,0.009
127,2018.0,0.006,0.0,0.0,0.0,0.0
128,2018.0,0.008,0.0,0.006,0.0,0.006
129,2018.0,0.018,0.025,0.0,0.0,0.0
130,2018.0,0.014,0.023,0.0,0.0,0.0
131,2018.0,0.012,0.023,0.172,0.002,0.172
132,2018.0,0.028,0.009,0.008,0.0,0.008
133,2018.0,0.007,0.046,0.013,0.0,0.013
134,2018.0,0.0,0.0,0.0,0.0,0.0
135,2018.0,0.0,0.033,0.0,0.0,0.0
136,2018.0,0.025,0.009,0.0,0.0,0.0
137,2018.0,0.0,0.008,0.0,0.0,0.0
138,2018.0,0.008,0.019,0.0,0.0,0.0
139,2018.0,0.012,0.042,0.005,0.0,0.005
140,2018.0,0.01,0.06,0.0,0.002,0.0
141,2018.0,0.0,0.011,0.0,0.0,0.0
142,2018.0,0.0,0.0,0.0,0.0,0.0
143,2018.0,0.0,0.013,0.0,0.0,0.0
144,2018.0,0.005,0.0,0.0,0.0,0.0
145,2018.0,0.012,0.023,0.0,0.0,0.0
146,2018.0,0.014,0.0,0.005,0.0,0.005
147,2018.0,0.0,0.0,0.0,0.0,0.0
148,2018.0,0.012,0.0,0.012,0.0,0.012
149,2018.0,0.036,0.013,0.006,0.0,0.006
150,2018.0,0.019,0.014,0.0,0.0,0.0
151,2018.0,0.0,0.009,0.021,0.0,0.021
152,2018.0,0.01,0.007,0.0,0.0,0.0
153,2018.0,0.006,0.006,0.0,0.0,0.0
154,2018.0,0.011,0.017,0.0,0.0,0.0
155,2018.0,0.008,0.02,0.0,0.0,0.0
156,2018.0,0.015,0.078,0.007,0.0,0.007
157,2018.0,0.008,0.045,0.0,0.0,0.0
158,2018.0,0.011,0.108,0.022,0.0,0.022
159,2018.0,0.0,0.0,0.051,0.0,0.051
160,2018.0,0.01,0.021,0.02,0.0,0.02
161,2018.0,0.009,0.02,0.007,0.0,0.007
162,2018.0,0.022,0.016,0.0,0.0,0.0
163,2018.0,0.03,0.067,0.0,0.0,0.0
164,2018.0,0.021,0.227,0.0,0.0,0.0
165,2018.0,0.0,0.024,0.0,0.0,0.0
166,2018.0,0.0,0.017,0.0,0.0,0.0
167,2018.0,0.013,0.032,0.0,0.0,0.0
168,2018.0,0.01,0.041,0.005,0.0,0.005
169,2018.0,0.012,0.006,0.023,0.0,0.023
170,2018.0,0.0,0.0,0.0,0.0,0.0
171,2018.0,0.0,0.015,0.0,0.0,0.0
172,2018.0,0.005,0.023,0.0,0.0,0.0
173,2018.0,0.061,0.015,0.0,0.0,0.0
174,2018.0,0.006,0.007,0.0,0.0,0.0
175,2018.0,0.009,0.06,0.0,0.002,0.0
176,2018.0,0.009,0.025,0.01,0.0,0.01
177,2018.0,0.008,0.006,0.0,0.0,0.0
178,2018.0,0.0,0.043,0.0,0.0,0.0
179,2018.0,0.005,0.014,0.0,0.0,0.0
180,2018.0,0.01,0.018,0.0,0.0,0.0
181,2018.0,0.026,0.044,0.0,0.0,0.0
182,2018.0,0.0,0.0,0.0,0.0,0.0
183,2018.0,0.006,0.048,0.007,0.0,0.007
184,2018.0,0.005,0.042,0.0,0.0,0.0
185,2018.0,0.013,0.216,0.0,0.004,0.0
186,2018.0,0.037,0.012,0.007,0.0,0.007
187,2018.0,0.005,0.01,0.0,0.0,0.0
188,2018.0,0.014,0.006,0.0,0.0,0.0
189,2018.0,0.016,0.0,0.006,0.0,0.006
190,2018.0,0.012,0.014,0.0,0.0,0.0
191,2018.0,0.0,0.01,0.008,0.0,0.008
192,2018.0,0.009,0.016,0.0,0.0,0.0
193,2018.0,0.0,0.006,0.008,0.0,0.008
194,2018.0,0.0,0.021,0.0,0.0,0.0
195,2018.0,0.03,0.0,0.0,0.0,0.0
196,2018.0,0.0,0.013,0.0,0.0,0.0
197,2018.0,0.0,0.011,0.0,0.0,0.0
198,2018.0,0.0,0.005,0.0,0.0,0.0
199,2018.0,0.027,0.005,0.021,0.0,0.021
200,2018.0,0.005,0.007,0.0,0.0,0.0
201,2018.0,0.006,0.086,0.0,0.0,0.0
202,2018.0,0.008,0.011,0.006,0.0,0.006
203,2018.0,0.015,0.018,0.0,0.0,0.0
204,2018.0,0.0,0.022,0.0,0.0,0.0
205,2018.0,0.007,0.029,0.0,0.0,0.0
206,2018.0,0.013,0.021,0.014,0.0,0.014
207,2018.0,0.007,0.023,0.018,0.0,0.018
208,2018.0,0.0,0.015,0.0,0.0,0.0
209,2018.0,0.0,0.03,0.0,0.0,0.0
210,2018.0,0.035,0.03,0.005,0.0,0.005
211,2018.0,0.005,0.015,0.0,0.0,0.0
212,2018.0,0.005,0.0,0.015,0.0,0.015
213,2018.0,0.016,0.012,0.0,0.0,0.0
214,2018.0,0.011,0.009,0.0,0.0,0.0
215,2018.0,0.013,0.01,0.0,0.0,0.0
216,2018.0,0.01,0.006,0.0,0.0,0.0
217,2018.0,0.0,0.016,0.0,0.0,0.0
218,2018.0,0.06,0.007,0.031,0.008,0.031
219,2018.0,0.006,0.025,0.012,0.002,0.012
220,2018.0,0.0,0.009,0.043,0.002,0.043
221,2018.0,0.018,0.0,0.111,0.0,0.111
222,2018.0,0.018,0.0,0.0,0.0,0.0
223,2018.0,0.007,0.0,0.009,0.0,0.009
224,2018.0,0.01,0.013,0.006,0.0,0.006
225,2018.0,0.006,0.023,0.0,0.002,0.0
226,2018.0,0.032,0.039,0.117,0.003,0.117
227,2018.0,0.037,0.134,0.011,0.003,0.011
228,2018.0,0.012,0.0,0.015,0.0,0.015
229,2018.0,0.009,0.0,0.0,0.0,0.0
230,2018.0,0.045,0.072,0.0,0.002,0.0
231,2018.0,0.022,0.038,0.033,0.0,0.033
232,2018.0,0.014,0.016,0.021,0.0,0.021
233,2018.0,0.04,0.0,0.024,0.0,0.024
234,2018.0,0.02,0.0,0.0,0.0,0.0
235,2018.0,0.007,0.0,0.0,0.0,0.0
236,2018.0,0.006,0.023,0.0,0.0,0.0
237,2018.0,0.01,0.022,0.0,0.0,0.0
238,2018.0,0.017,0.0,0.0,0.0,0.0
239,2018.0,0.007,0.012,0.0,0.0,0.0
240,2018.0,0.007,0.012,0.0,0.0,0.0
241,2018.0,0.005,0.127,0.006,0.003,0.006
242,2018.0,0.06,0.011,0.011,0.0,0.011
243,2018.0,0.0,0.008,0.0,0.0,0.0
244,2018.0,0.005,0.0,0.0,0.0,0.0
245,2018.0,0.009,0.0,0.0,0.0,0.0
246,2018.0,0.043,0.019,0.0,0.0,0.0
247,2018.0,0.265,0.0,0.007,0.0,0.007
248,2018.0,0.039,0.0,0.0,0.0,0.0
249,2018.0,0.006,0.0,0.0,0.0,0.0
250,2018.0,0.0,0.0,0.0,0.0,0.0
251,2018.0,0.007,0.03,0.0,0.0,0.0
252,2018.0,0.0,0.0,0.005,0.0,0.005
253,2018.0,0.008,0.019,0.008,0.0,0.008
254,2018.0,0.006,0.01,0.0,0.0,0.0
255,2018.0,0.008,0.013,0.0,0.0,0.0
256,2018.0,0.02,0.025,0.077,0.0,0.077
257,2018.0,0.0,0.027,0.006,0.0,0.006
258,2018.0,0.015,0.022,0.0,0.0,0.0
259,2018.0,0.006,0.028,0.0,0.0,0.0
260,2018.0,0.008,0.026,0.0,0.0,0.0
261,2018.0,0.0,0.011,0.0,0.0,0.0
262,2018.0,0.0,0.006,0.0,0.0,0.0
263,2018.0,0.019,0.0,0.01,0.0,0.01
264,2018.0,0.012,0.06,0.042,0.002,0.042
265,2018.0,0.012,0.056,0.0,0.002,0.0
266,2018.0,0.026,0.039,0.005,0.0,0.005
267,2018.0,0.006,0.009,0.0,0.0,0.0
268,2018.0,0.019,0.036,0.0,0.0,0.0
269,2018.0,0.044,0.066,0.052,0.002,0.052
270,2018.0,0.017,0.006,0.0,0.0,0.0
271,2018.0,0.014,0.034,0.006,0.0,0.006
272,2018.0,0.005,0.015,0.0,0.0,0.0
273,2018.0,0.0,0.007,0.0,0.0,0.0
274,2018.0,0.016,0.041,0.016,0.0,0.016
275,2018.0,0.0,0.065,0.0,0.0,0.0
276,2018.0,0.006,0.0,0.0,0.0,0.0
277,2018.0,0.011,0.0,0.006,0.0,0.006
278,2018.0,1.07,0.006,0.033,0.0,0.033
279,2018.0,0.0,0.006,0.046,0.0,0.046
280,2018.0,0.011,0.175,0.021,0.006,0.021
281,2018.0,0.006,0.022,0.0,0.0,0.0
282,2018.0,0.01,0.025,0.0,0.0,0.0
283,2018.0,0.0,0.031,0.0,0.0,0.0
284,2018.0,0.0,0.008,0.0,0.0,0.0
285,2018.0,0.0,0.0,0.015,0.0,0.015
286,2018.0,0.042,0.028,0.021,0.0,0.021
287,2018.0,0.082,0.041,0.011,0.0,0.011
288,2018.0,0.0,0.034,0.149,0.0,0.149
289,2018.0,0.048,0.0,0.0,0.0,0.0
290,2018.0,0.006,0.018,0.0,0.0,0.0
291,2018.0,0.006,0.0,0.0,0.0,0.0
292,2018.0,0.006,0.0,0.009,0.0,0.009
293,2018.0,0.005,0.007,0.011,0.0,0.011
294,2018.0,0.005,0.014,0.0,0.0,0.0
295,2018.0,0.0,0.006,0.0,0.0,0.0
296,2018.0,0.006,0.018,0.007,0.0,0.007
297,2018.0,0.007,0.031,0.0,0.0,0.0
298,2018.0,0.0,0.012,0.0,0.0,0.0
299,2018.0,0.007,0.015,0.006,0.0,0.006
300,2018.0,0.005,0.0,0.0,0.0,0.0
301,2018.0,0.01,0.016,0.008,0.0,0.008
302,2018.0,0.0,0.0,0.0,0.002,0.0
303,2018.0,0.023,0.0,0.0,0.0,0.0
304,2018.0,0.007,0.023,0.005,0.0,0.005
305,2018.0,0.0,0.0,0.016,0.0,0.016
306,2018.0,0.0,0.0,0.0,0.0,0.0
307,2018.0,0.023,0.0,0.008,0.0,0.008
308,2018.0,0.0,0.01,0.0,0.0,0.0
309,2018.0,0.006,0.013,0.0,0.0,0.0
310,2018.0,0.0,0.0,0.006,0.0,0.006
311,2018.0,0.0,0.025,0.0,0.0,0.0
312,2018.0,0.019,0.021,0.0,0.0,0.0
313,2018.0,0.0,0.011,0.006,0.0,0.006
314,2018.0,0.01,0.028,0.0,0.0,0.0
315,2018.0,0.0,0.032,0.0,0.0,0.0
316,2018.0,0.0,0.005,0.0,0.0,0.0
317,2018.0,0.017,0.031,0.005,0.0,0.005
318,2018.0,0.067,0.008,0.408,0.0,0.408
319,2018.0,0.007,0.014,0.0,0.0,0.0
320,2018.0,0.1,0.007,0.007,0.0,0.007
321,2018.0,0.0,0.032,0.0,0.0,0.0
322,2018.0,0.014,0.092,0.07,0.009,0.07
323,2018.0,0.017,0.089,0.0,0.003,0.0
324,2018.0,0.0,0.0,0.0,0.0,0.0
325,2018.0,0.031,0.035,0.0,0.0,0.0
326,2018.0,0.008,0.0,0.0,0.0,0.0
327,2018.0,0.03,0.021,0.008,0.0,0.008
328,2018.0,0.0,0.02,0.009,0.0,0.009
329,2018.0,0.008,0.014,0.0,0.0,0.0
330,2018.0,0.0,0.048,0.016,0.0,0.016
331,2018.0,0.006,0.224,0.0,0.005,0.0
332,2018.0,0.0,0.059,0.0,0.0,0.0
333,2018.0,0.0,0.01,0.0,0.0,0.0
334,2018.0,0.02,0.074,0.026,0.0,0.026
335,2018.0,0.0,0.0,0.0,0.0,0.0
336,2018.0,0.0,0.013,0.0,0.0,0.0
337,2018.0,0.0,0.022,0.0,0.0,0.0
338,2018.0,0.021,0.023,0.008,0.0,0.008
339,2018.0,0.022,0.048,0.0,0.0,0.0
340,2018.0,0.0,0.0,0.0,0.0,0.0
341,2018.0,0.009,0.0,0.023,0.0,0.023
342,2018.0,0.0,0.104,0.033,0.003,0.033
343,2018.0,0.0,0.008,0.0,0.0,0.0
344,2018.0,0.01,0.017,0.0,0.0,0.0
345,2018.0,0.022,0.01,0.0,0.0,0.0
346,2018.0,0.011,0.014,0.0,0.0,0.0
347,2018.0,0.0,0.008,0.0,0.0,0.0
348,2018.0,0.0,0.023,0.0,0.0,0.0
349,2018.0,0.007,0.016,0.0,0.0,0.0
350,2018.0,0.008,0.0,0.0,0.0,0.0
351,2018.0,0.009,0.008,0.012,0.0,0.012
352,2018.0,0.066,0.051,0.006,0.0,0.006
353,2018.0,0.009,0.021,0.0,0.0,0.0
354,2018.0,0.007,0.263,0.0,0.0,0.0
355,2018.0,0.019,0.139,0.013,0.0,0.013
356,2018.0,0.0,0.029,0.012,0.0,0.012
357,2018.0,0.006,0.05,0.0,0.0,0.0
358,2018.0,0.013,0.026,0.0,0.0,0.0
359,2018.0,0.008,0.033,0.032,0.0,0.032
360,2018.0,0.009,0.0,0.006,0.0,0.006
361,2018.0,0.007,0.0,0.0,0.0,0.0
362,2018.0,0.0,0.0,0.0,0.0,0.0
363,2018.0,0.019,0.058,0.0,0.0,0.0
364,2018.0,0.013,0.104,0.009,0.005,0.009
365,2018.0,0.01,0.383,0.0,0.0,0.0
366,2018.0,0.011,0.023,0.0,0.0,0.0
367,2018.0,0.007,0.006,0.0,0.0,0.0
368,2018.0,0.044,0.005,0.006,0.0,0.006
369,2018.0,0.011,0.115,0.0,0.002,0.0
370,2018.0,0.006,0.015,0.006,0.0,0.006
371,2018.0,0.016,0.054,0.005,0.0,0.005
372,2018.0,0.016,0.043,0.005,0.0,0.005
373,2018.0,0.0,0.0,0.0,0.0,0.0
374,2018.0,0.0,0.021,0.0,0.0,0.0
375,2018.0,0.034,0.032,0.0,0.0,0.0
376,2018.0,0.039,0.078,0.005,0.005,0.005
377,2018.0,0.0,0.006,0.0,0.0,0.0
378,2018.0,0.008,0.006,0.0,0.0,0.0
379,2018.0,0.077,0.029,0.009,0.0,0.009
380,2018.0,0.006,0.014,0.0,0.0,0.0
381,2018.0,0.007,0.0,0.016,0.0,0.016
382,2018.0,0.009,0.019,0.009,0.0,0.009
383,2018.0,0.027,0.012,0.02,0.0,0.02
384,2018.0,0.03,0.011,0.005,0.0,0.005
385,2018.0,0.015,0.0,0.0,0.0,0.0
386,2018.0,0.0,0.0,0.0,0.0,0.0
387,2018.0,0.012,0.0,0.0,0.0,0.0
388,2018.0,0.008,0.016,0.0,0.0,0.0
389,2018.0,0.0,0.015,0.0,0.0,0.0
390,2018.0,0.0,0.017,0.0,0.0,0.0
391,2018.0,0.018,0.01,0.0,0.0,0.0
392,2018.0,0.011,0.0,0.0,0.0,0.0
393,2018.0,0.015,0.185,0.007,0.004,0.007
394,2018.0,0.0,0.0,0.0,0.0,0.0
395,2018.0,0.0,0.022,0.019,0.0,0.019
396,2018.0,0.022,0.013,0.0,0.0,0.0
397,2018.0,0.007,0.0,0.053,0.0,0.053
398,2018.0,0.014,0.033,0.0,0.0,0.0
399,2018.0,0.0,0.0,0.0,0.0,0.0
400,2018.0,0.025,0.0,0.0,0.0,0.0
401,2018.0,0.0,0.006,0.012,0.0,0.012
402,2018.0,0.015,0.007,0.0,0.0,0.0
403,2018.0,0.0,0.007,0.005,0.0,0.005
404,2018.0,0.0,0.008,0.0,0.0,0.0
405,2018.0,0.03,0.016,0.013,0.0,0.013
406,2018.0,0.007,0.015,0.01,0.0,0.01
407,2018.0,0.015,0.022,0.0,0.0,0.0
408,2018.0,0.127,0.061,0.0,0.002,0.0
409,2018.0,0.019,0.029,0.014,0.0,0.014
410,2018.0,0.026,0.006,0.03,0.0,0.03
411,2018.0,0.025,0.023,0.054,0.0,0.054
412,2018.0,0.0,0.0,0.0,0.0,0.0
413,2018.0,0.074,0.0,0.051,0.0,0.051
414,2018.0,0.068,0.0,0.06,0.0,0.06
415,2018.0,0.007,0.034,0.02,0.0,0.02
416,2018.0,0.0,0.06,0.0,0.0,0.0
417,2018.0,0.006,0.04,0.0,0.0,0.0
418,2018.0,0.013,0.024,0.005,0.0,0.005
419,2018.0,0.0,0.023,0.0,0.0,0.0
420,2018.0,0.009,0.026,0.045,0.0,0.045
421,2018.0,0.043,0.03,0.0,0.0,0.0
422,2018.0,0.0,0.028,0.0,0.0,0.0
423,2018.0,0.007,0.006,0.0,0.0,0.0
424,2018.0,0.016,0.0,0.0,0.0,0.0
425,2018.0,0.021,0.026,0.048,0.0,0.048
426,2018.0,0.124,0.027,0.009,0.004,0.009
427,2018.0,0.006,0.012,0.022,0.0,0.022
428,2018.0,0.037,0.019,0.006,0.0,0.006
429,2018.0,0.0,0.0,0.0,0.0,0.0
430,2018.0,0.0,0.0,0.0,0.0,0.0
431,2018.0,0.006,0.2,0.025,0.003,0.025
432,2018.0,0.0,0.0,0.0,0.0,0.0
433,2018.0,0.03,0.418,0.014,0.003,0.014
435,2018.0,0.0,0.0,0.0,0.0,0.0
436,2018.0,0.009,0.014,0.0,0.0,0.0
437,2018.0,0.0,0.0,0.0,0.0,0.0
438,2018.0,0.0,0.016,0.0,0.0,0.0
439,2018.0,0.0,0.014,0.0,0.0,0.0
440,2018.0,0.008,0.0,0.0,0.0,0.0
441,2018.0,0.0,0.0,0.0,0.0,0.0
442,2018.0,0.022,0.017,0.046,0.0,0.046
443,2018.0,0.025,0.017,0.011,0.0,0.011
444,2018.0,0.007,0.007,0.0,0.0,0.0
445,2018.0,0.006,0.008,0.0,0.0,0.0
446,2018.0,0.0,0.005,0.0,0.0,0.0
447,2018.0,0.011,0.027,0.01,0.0,0.01
448,2018.0,0.009,0.027,0.011,0.0,0.011
449,2018.0,0.051,0.084,0.238,0.0,0.238
450,2018.0,0.026,0.0,0.0,0.0,0.0
451,2018.0,0.0,0.0,0.02,0.0,0.02
452,2018.0,0.011,0.026,0.0,0.0,0.0
453,2018.0,0.014,0.052,0.0,0.0,0.0
454,2018.0,0.113,0.01,0.018,0.0,0.018
455,2018.0,0.0,0.017,0.017,0.0,0.017
456,2018.0,0.0,0.0,0.0,0.0,0.0
457,2018.0,0.0,0.017,0.009,0.0,0.009
458,2018.0,0.051,0.054,0.021,0.0,0.021
459,2018.0,0.0,0.0,0.007,0.0,0.007
460,2018.0,0.0,0.0,0.006,0.0,0.006
461,2018.0,0.0,0.0,0.014,0.0,0.014
462,2018.0,0.0,0.0,0.0,0.0,0.0
463,2018.0,0.03,0.015,0.025,0.0,0.025
464,2018.0,0.0,0.008,0.007,0.0,0.007
465,2018.0,0.015,0.06,0.0,0.0,0.0
466,2018.0,0.0,0.0,0.012,0.0,0.012
1596,2019.0,0.014,0.01,0.008,0.002,0.008
1597,2019.0,0.005,0.005,0.005,0.002,0.005
1598,2019.0,0.009,0.014,0.005,0.002,0.005
1599,2019.0,0.005,0.005,0.005,0.002,0.005
1600,2019.0,0.005,0.016,0.005,0.002,0.005
1601,2019.0,0.005,0.014,0.005,0.002,0.005
1602,2019.0,0.008,0.005,0.005,0.002,0.005
1603,2019.0,0.005,0.005,0.005,0.002,0.005
1604,2019.0,0.022,0.017,0.046,0.002,0.046
1605,2019.0,0.025,0.017,0.011,0.002,0.011
1606,2019.0,0.007,0.007,0.005,0.002,0.005
1607,2019.0,0.006,0.008,0.005,0.002,0.005
1608,2019.0,0.005,0.005,0.005,0.002,0.005
1609,2019.0,0.011,0.027,0.01,0.002,0.01
1610,2019.0,0.009,0.027,0.011,0.002,0.011
1611,2019.0,0.051,0.084,0.238,0.002,0.238
1612,2019.0,0.026,0.005,0.005,0.002,0.005
1613,2019.0,0.005,0.005,0.02,0.002,0.02
1614,2019.0,0.011,0.026,0.005,0.002,0.005
1615,2019.0,0.014,0.052,0.005,0.002,0.005
1616,2019.0,0.113,0.01,0.018,0.002,0.018
1617,2019.0,0.005,0.017,0.017,0.002,0.017
1618,2019.0,0.005,0.005,0.005,0.002,0.005
1619,2019.0,0.005,0.017,0.009,0.002,0.009
1620,2019.0,0.051,0.054,0.021,0.002,0.021
1621,2019.0,0.005,0.005,0.007,0.002,0.007
1622,2019.0,0.005,0.005,0.006,0.002,0.006
1623,2019.0,0.005,0.005,0.014,0.002,0.014
1624,2019.0,0.005,0.008,0.007,0.002,0.007
1625,2019.0,0.015,0.06,0.005,0.002,0.005
1626,2019.0,0.005,0.005,0.012,0.002,0.012
1627,2019.0,0.022,0.015,0.035,0.002,0.035
1628,2019.0,0.005,0.053,0.005,0.002,0.005
1629,2019.0,0.041,0.034,0.034,0.002,0.034
1630,2019.0,0.005,0.005,0.006,0.002,0.006
1631,2019.0,0.005,0.005,0.005,0.002,0.005
1632,2019.0,0.006,0.005,0.027,0.002,0.027
1633,2019.0,0.005,0.005,0.005,0.002,0.005
1634,2019.0,0.005,0.005,0.009,0.002,0.009
1635,2019.0,0.0,0.0,0.009,0.0,0.009
1636,2019.0,0.147,0.288,0.024,0.006,0.024
1637,2019.0,0.153,0.023,0.013,0.0,0.013
1638,2019.0,0.0,0.009,0.0,0.0,0.0
1639,2019.0,0.051,0.168,0.014,0.003,0.014
1640,2019.0,0.029,0.025,0.053,0.0,0.053
1641,2019.0,0.005,0.008,0.0,0.0,0.0
1642,2019.0,0.048,0.007,0.008,0.0,0.008
1643,2019.0,0.021,0.039,0.016,0.0,0.016
1644,2019.0,0.029,0.017,0.0,0.0,0.0
1645,2019.0,0.046,0.006,0.014,0.0,0.014
1646,2019.0,0.022,0.007,0.008,0.0,0.008
1647,2019.0,0.029,0.0,0.0,0.0,0.0
1648,2019.0,0.01,0.0,0.007,0.007,0.007
1649,2019.0,0.01,0.0,0.005,0.0,0.005
1650,2019.0,0.01,0.038,0.0,0.0,0.0
1651,2019.0,0.006,0.061,0.0,0.0,0.0
1652,2019.0,0.012,0.01,0.0,0.0,0.0
1653,2019.0,0.015,0.008,0.0,0.0,0.0
1654,2019.0,0.064,0.0,0.0,0.0,0.0
1655,2019.0,0.007,0.023,0.0,0.0,0.0
1656,2019.0,0.028,0.041,0.013,0.0,0.013
1657,2019.0,0.038,0.008,0.025,0.0,0.025
1658,2019.0,0.027,0.019,0.0,0.0,0.0
1659,2019.0,0.0,0.0,0.01,0.004,0.01
1660,2019.0,0.052,0.024,0.061,0.003,0.061
1661,2019.0,0.016,0.0,0.0,0.005,0.0
1662,2019.0,0.008,0.006,0.0,0.006,0.0
1663,2019.0,0.006,0.009,0.014,0.009,0.014
1664,2019.0,0.009,0.008,0.016,0.003,0.016
1665,2019.0,0.054,0.016,0.017,0.002,0.017
1666,2019.0,0.0,0.0,0.0,0.0,0.0
1667,2019.0,0.0,0.013,0.0,0.0,0.0
1668,2019.0,0.0,0.0,0.024,0.0,0.024
1669,2019.0,0.013,0.017,0.01,0.0,0.01
1670,2019.0,0.024,0.308,0.0,0.0,0.0
1671,2019.0,0.0,0.0,0.0,0.0,0.0
1672,2019.0,0.033,0.007,0.01,0.002,0.01
1673,2019.0,0.017,0.017,0.017,0.003,0.017
1674,2019.0,0.0,0.006,0.007,0.0,0.007
1675,2019.0,0.0,0.0,0.018,0.0,0.018
1676,2019.0,0.006,0.007,0.059,0.004,0.059
1677,2019.0,0.029,0.025,0.056,0.0,0.056
1678,2019.0,0.014,0.006,0.006,0.0,0.006
1679,2019.0,0.02,0.025,0.0,0.0,0.0
1680,2019.0,0.0,0.0,0.0,0.0,0.0
1681,2019.0,0.02,0.021,0.008,0.0,0.008
1682,2019.0,0.0,0.019,0.0,0.0,0.0
1683,2019.0,0.01,0.007,0.007,0.0,0.007
1684,2019.0,0.008,0.044,0.0,0.0,0.0
1685,2019.0,0.032,0.011,0.009,0.0,0.009
1686,2019.0,0.013,0.006,0.007,0.0,0.007
1687,2019.0,0.009,0.0,0.0,0.0,0.0
1688,2019.0,0.007,0.012,0.0,0.0,0.0
1689,2019.0,0.01,0.009,0.006,0.0,0.006
1690,2019.0,0.027,0.005,0.007,0.0,0.007
1691,2019.0,0.006,0.016,0.006,0.0,0.006
1692,2019.0,0.0,0.011,0.0,0.0,0.0
1693,2019.0,0.014,0.013,0.0,0.0,0.0
1694,2019.0,0.009,0.007,0.009,0.0,0.009
1695,2019.0,0.0,0.023,0.0,0.0,0.0
1696,2019.0,0.009,0.024,0.033,0.0,0.033
1697,2019.0,0.007,0.22,0.0,0.003,0.0
1698,2019.0,0.023,0.015,0.006,0.0,0.006
1699,2019.0,0.022,0.025,0.006,0.0,0.006
1700,2019.0,0.0,0.029,0.0,0.0,0.0
1701,2019.0,0.015,0.017,0.0,0.0,0.0
1702,2019.0,0.014,0.035,0.0,0.0,0.0
1703,2019.0,0.006,0.012,0.0,0.0,0.0
1704,2019.0,0.009,0.007,0.0,0.0,0.0
1705,2019.0,0.013,0.009,0.0,0.0,0.0
1706,2019.0,0.006,0.0,0.013,0.0,0.013
1707,2019.0,0.015,0.042,0.007,0.0,0.007
1708,2019.0,0.007,0.0,0.0,0.0,0.0
1709,2019.0,0.023,0.043,0.009,0.0,0.009
1710,2019.0,0.013,0.014,0.008,0.0,0.008
1711,2019.0,0.007,0.008,0.009,0.0,0.009
1712,2019.0,0.124,0.009,0.006,0.0,0.006
1713,2019.0,0.012,0.03,0.0,0.0,0.0
1714,2019.0,0.024,0.018,0.009,0.0,0.009
1715,2019.0,0.007,0.016,0.0,0.0,0.0
1716,2019.0,0.013,0.0,0.006,0.0,0.006
1717,2019.0,0.03,0.102,0.0,0.003,0.0
1718,2019.0,0.009,0.107,0.0,0.003,0.0
1719,2019.0,0.015,0.054,0.01,0.0,0.01
1720,2019.0,0.089,0.126,0.054,0.0,0.054
1721,2019.0,0.017,0.017,0.0,0.0,0.0
1722,2019.0,0.09,0.0,0.0,0.0,0.0
1723,2019.0,0.026,0.065,0.009,0.0,0.009
1724,2019.0,0.036,0.014,0.005,0.0,0.005
1725,2019.0,0.007,0.036,0.0,0.0,0.0
1726,2019.0,0.008,0.023,0.0,0.0,0.0
1727,2019.0,0.006,0.102,0.0,0.0,0.0
1728,2019.0,0.006,0.0,0.012,0.0,0.012
1729,2019.0,0.0,0.016,0.0,0.0,0.0
1730,2019.0,0.0,0.009,0.013,0.0,0.013
1731,2019.0,0.0,0.009,0.011,0.0,0.011
1732,2019.0,0.104,0.006,0.019,0.0,0.019
1733,2019.0,0.0,0.007,0.0,0.0,0.0
1734,2019.0,0.0,0.026,0.0,0.0,0.0
1735,2019.0,0.0,0.01,0.0,0.0,0.0
1736,2019.0,0.026,0.121,0.0,0.003,0.0
1737,2019.0,0.0,0.008,0.0,0.0,0.0
1738,2019.0,0.0,0.023,0.0,0.0,0.0
1739,2019.0,0.021,0.012,0.0,0.0,0.0
1740,2019.0,0.0,0.019,0.006,0.0,0.006
1741,2019.0,0.01,0.023,0.01,0.0,0.01
1742,2019.0,0.009,0.037,0.014,0.0,0.014
1743,2019.0,0.035,0.766,0.0,0.0,0.0
1744,2019.0,0.023,0.033,0.0,0.0,0.0
1745,2019.0,0.032,0.03,0.009,0.0,0.009
1746,2019.0,0.011,0.124,0.01,0.003,0.01
1747,2019.0,0.024,0.032,0.007,0.0,0.007
1748,2019.0,0.0,0.01,0.079,0.0,0.079
1749,2019.0,0.026,0.021,0.01,0.0,0.01
1750,2019.0,0.053,0.031,0.007,0.0,0.007
1751,2019.0,0.012,0.015,0.008,0.0,0.008
1752,2019.0,0.0,0.015,0.014,0.0,0.014
1753,2019.0,0.0,0.015,0.024,0.0,0.024
1754,2019.0,0.065,0.113,0.0,0.003,0.0
1755,2019.0,0.029,0.028,0.0,0.0,0.0
1756,2019.0,0.027,0.018,0.0,0.0,0.0
1757,2019.0,0.0,0.014,0.0,0.0,0.0
1758,2019.0,0.014,0.01,0.006,0.0,0.006
1759,2019.0,0.035,0.021,0.0,0.0,0.0
1760,2019.0,0.07,0.071,0.048,0.0,0.048
1761,2019.0,0.025,0.02,0.009,0.0,0.009
1762,2019.0,0.016,0.052,0.0,0.0,0.0
1763,2019.0,0.203,0.009,0.008,0.0,0.008
1764,2019.0,0.007,0.022,0.008,0.0,0.008
1765,2019.0,0.01,0.01,0.0,0.0,0.0
1766,2019.0,0.006,0.068,0.0,0.0,0.0
1767,2019.0,0.022,0.025,0.019,0.0,0.019
1768,2019.0,0.017,0.045,0.0,0.0,0.0
1769,2019.0,0.015,0.032,0.0,0.0,0.0
1770,2019.0,0.0,0.0,0.0,0.0,0.0
1771,2019.0,0.012,0.09,0.0,0.0,0.0
1772,2019.0,0.013,0.053,0.009,0.0,0.009
1773,2019.0,0.013,0.026,0.006,0.0,0.006
1774,2019.0,0.007,0.024,0.0,0.0,0.0
1775,2019.0,0.047,0.02,0.0,0.0,0.0
1776,2019.0,0.0,0.059,0.025,0.0,0.025
1777,2019.0,0.02,0.034,0.0,0.0,0.0
1778,2019.0,0.006,0.006,0.008,0.0,0.008
1779,2019.0,0.017,0.0,0.015,0.0,0.015
1780,2019.0,0.0,0.0,0.0,0.0,0.0
1781,2019.0,0.0,0.054,0.018,0.0,0.018
1782,2019.0,0.009,0.018,0.0,0.0,0.0
1783,2019.0,0.087,0.027,0.014,0.0,0.014
1784,2019.0,0.0,0.015,0.017,0.0,0.017
1785,2019.0,0.0,0.006,0.007,0.0,0.007
1786,2019.0,0.0,0.0,0.005,0.0,0.005
1787,2019.0,0.006,0.017,0.026,0.0,0.026
1788,2019.0,0.0,0.025,0.029,0.0,0.029
1789,2019.0,0.034,0.031,0.012,0.0,0.012
1790,2019.0,0.006,0.014,0.0,0.0,0.0
1791,2019.0,0.016,0.058,0.021,0.0,0.021
1792,2019.0,0.026,0.005,0.007,0.0,0.007
1793,2019.0,0.043,0.022,0.01,0.0,0.01
1794,2019.0,0.0,0.042,0.0,0.023,0.0
1795,2019.0,0.008,0.016,0.0,0.025,0.0
1796,2019.0,0.0,0.133,0.0,0.006,0.0
1797,2019.0,0.068,0.0,0.012,0.008,0.012
1798,2019.0,0.0,0.021,0.005,0.014,0.005
1799,2019.0,0.007,0.013,0.008,0.011,0.008
1800,2019.0,0.017,0.013,0.034,0.007,0.034
1801,2019.0,0.007,0.028,0.007,0.009,0.007
1802,2019.0,0.0,0.026,0.006,0.009,0.006
1803,2019.0,0.028,0.043,0.0,0.018,0.0
1804,2019.0,0.009,0.067,0.0,0.024,0.0
1805,2019.0,0.022,0.0,0.025,0.016,0.025
1806,2019.0,0.018,0.032,0.032,0.013,0.032
1807,2019.0,0.0,0.213,0.0,0.016,0.0
1808,2019.0,0.017,0.008,0.0,0.003,0.0
1809,2019.0,0.047,0.017,0.054,0.009,0.054
1810,2019.0,0.012,0.043,0.0,0.0,0.0
1811,2019.0,0.008,0.044,0.042,0.018,0.042
1812,2019.0,0.019,0.13,0.0,0.012,0.0
1813,2019.0,0.022,0.067,0.015,0.007,0.015
1814,2019.0,0.0,0.026,0.016,0.004,0.016
1815,2019.0,0.0,0.029,0.0,0.006,0.0
1816,2019.0,0.018,0.019,0.015,0.003,0.015
1817,2019.0,0.012,0.013,0.006,0.0,0.006
1818,2019.0,0.02,0.095,0.005,0.01,0.005
1819,2019.0,0.026,0.032,0.0,0.008,0.0
1820,2019.0,0.0,0.008,0.007,0.0,0.007
1821,2019.0,0.009,0.032,0.0,0.007,0.0
1822,2019.0,0.008,0.051,0.006,0.008,0.006
1823,2019.0,0.016,0.068,0.0,0.008,0.0
1824,2019.0,0.034,0.0,0.007,0.013,0.007
1825,2019.0,0.011,0.02,0.012,0.014,0.012
1826,2019.0,0.022,0.061,0.0,0.013,0.0
1827,2019.0,0.104,0.04,0.066,0.004,0.066
1828,2019.0,0.01,0.0,0.006,0.0,0.006
1829,2019.0,0.011,0.011,0.007,0.002,0.007
1830,2019.0,0.0,0.0,0.013,0.0,0.013
1831,2019.0,0.0,0.05,0.0,0.007,0.0
1832,2019.0,0.008,0.007,0.009,0.002,0.009
1833,2019.0,0.009,0.007,0.0,0.005,0.0
1834,2019.0,0.009,0.027,0.005,0.006,0.005
1835,2019.0,0.019,0.034,0.007,0.005,0.007
1836,2019.0,0.01,0.127,0.021,0.007,0.021
1837,2019.0,0.0,0.057,0.006,0.003,0.006
1838,2019.0,0.146,0.038,0.018,0.003,0.018
1839,2019.0,0.0,0.008,0.006,0.002,0.006
1840,2019.0,0.01,0.007,0.027,0.0,0.027
1841,2019.0,0.011,0.0,0.031,0.003,0.031
1842,2019.0,0.01,0.015,0.022,0.005,0.022
1843,2019.0,0.006,0.014,0.006,0.0,0.006
1844,2019.0,0.021,0.025,0.006,0.002,0.006
1845,2019.0,0.0,0.022,0.01,0.0,0.01
1846,2019.0,0.0,0.0,0.008,0.005,0.008
1847,2019.0,0.037,0.028,0.015,0.007,0.015
1848,2019.0,0.019,0.012,0.02,0.003,0.02
1849,2019.0,0.021,0.14,0.008,0.002,0.008
1850,2019.0,0.0,0.015,0.0,0.0,0.0
1851,2019.0,0.026,0.017,0.006,0.005,0.006
1852,2019.0,0.048,0.063,0.0,0.006,0.0
1853,2019.0,0.053,0.0,0.007,0.003,0.007
1854,2019.0,0.016,0.057,0.007,0.006,0.007
1855,2019.0,0.024,0.012,0.0,0.003,0.0
1856,2019.0,0.054,0.013,0.015,0.002,0.015
1857,2019.0,0.034,0.006,0.041,0.006,0.041
1858,2019.0,0.035,0.056,0.007,0.006,0.007
1859,2019.0,0.028,0.161,0.012,0.012,0.012
1860,2019.0,0.012,0.0,0.01,0.0,0.01
1861,2019.0,0.01,0.022,0.009,0.0,0.009
1862,2019.0,0.045,0.018,0.007,0.003,0.007
1863,2019.0,0.102,0.005,0.089,0.0,0.089
1864,2019.0,0.0,0.009,0.006,0.002,0.006
1865,2019.0,0.012,0.018,0.006,0.002,0.006
1866,2019.0,0.0,0.018,0.0,0.002,0.0
1867,2019.0,0.0,0.0,0.023,0.0,0.023
1868,2019.0,0.027,0.029,0.008,0.006,0.008
1869,2019.0,0.02,0.0,0.006,0.0,0.006
1870,2019.0,0.013,0.032,0.146,0.004,0.146
1871,2019.0,0.009,0.017,0.01,0.0,0.01
1872,2019.0,0.009,0.0,0.007,0.0,0.007
1873,2019.0,0.017,0.006,0.011,0.0,0.011
1874,2019.0,0.055,0.006,0.007,0.0,0.007
1875,2019.0,0.289,0.042,0.018,0.006,0.018
1876,2019.0,0.094,0.0,0.054,0.0,0.054
1877,2019.0,0.121,0.041,0.023,0.004,0.023
1878,2019.0,0.245,0.009,0.023,0.003,0.023
1879,2019.0,0.776,0.115,0.064,0.004,0.064
1880,2019.0,0.078,0.035,0.021,0.0,0.021
1881,2019.0,0.008,0.0,0.0,0.0,0.0
1882,2019.0,0.034,0.086,0.006,0.003,0.006
1883,2019.0,0.044,0.015,0.054,0.0,0.054
1884,2019.0,0.036,0.06,0.008,0.003,0.008
1885,2019.0,0.028,0.026,0.009,0.002,0.009
1886,2019.0,0.019,0.062,0.0,0.002,0.0
1887,2019.0,0.019,0.07,0.0,0.002,0.0
1888,2019.0,0.019,0.057,0.006,0.002,0.006
1889,2019.0,0.025,0.068,0.011,0.002,0.011
1890,2019.0,0.014,0.173,0.0,0.005,0.0
1891,2019.0,0.017,0.018,0.032,0.002,0.032
1892,2019.0,0.008,0.016,0.016,0.0,0.016
1893,2019.0,0.005,0.011,0.01,0.0,0.01
1894,2019.0,0.006,0.022,0.009,0.0,0.009
1895,2019.0,0.006,0.028,0.007,0.0,0.007
1896,2019.0,0.014,0.0,0.01,0.0,0.01
1897,2019.0,0.043,0.021,0.02,0.003,0.02
1898,2019.0,0.152,0.03,0.029,0.0,0.029
1899,2019.0,0.009,0.025,0.007,0.004,0.007
1900,2019.0,0.013,0.066,0.01,0.006,0.01
1901,2019.0,0.067,0.087,0.021,0.007,0.021
1902,2019.0,0.0,0.0,0.005,0.0,0.005
1903,2019.0,0.039,0.034,0.082,0.007,0.082
1904,2019.0,0.025,0.054,0.036,0.012,0.036
1905,2019.0,0.0,0.099,0.011,0.005,0.011
1906,2019.0,0.056,0.02,0.013,0.0,0.013
1907,2019.0,0.005,0.031,0.0,0.007,0.0
1908,2019.0,0.007,0.021,0.007,0.007,0.007
1909,2019.0,0.258,0.027,0.007,0.0,0.007
1910,2019.0,0.0,0.033,0.025,0.0,0.025
1911,2019.0,0.048,0.063,0.01,0.01,0.01
1912,2019.0,0.0,0.042,0.005,0.005,0.005
1913,2019.0,0.01,0.038,0.009,0.0,0.009
1914,2019.0,0.075,0.025,0.007,0.005,0.007
1915,2019.0,0.0,0.0,0.0,0.0,0.0
1916,2019.0,0.011,0.054,0.01,0.007,0.01
1917,2019.0,0.0,0.0,0.0,0.0,0.0
1918,2019.0,0.014,0.009,0.095,0.008,0.095
1919,2019.0,0.079,0.019,0.0,0.003,0.0
1920,2019.0,0.03,0.033,0.076,0.004,0.076
1921,2019.0,0.008,0.007,0.006,0.0,0.006
1922,2019.0,0.053,0.025,0.0,0.0,0.0
1923,2019.0,0.08,0.0,0.013,0.006,0.013
1924,2019.0,0.009,0.024,0.0,0.002,0.0
1925,2019.0,0.008,0.011,0.015,0.0,0.015
1926,2019.0,0.011,0.039,0.008,0.0,0.008
1927,2019.0,0.01,0.031,0.007,0.0,0.007
1928,2019.0,0.013,0.029,0.007,0.0,0.007
1929,2019.0,0.006,0.0,0.0,0.0,0.0
1930,2019.0,0.0,0.021,0.0,0.0,0.0
1931,2019.0,0.312,0.069,0.006,0.0,0.006
1932,2019.0,0.0,0.102,0.021,0.002,0.021
1933,2019.0,0.028,0.089,0.008,0.004,0.008
1934,2019.0,0.014,0.019,0.03,0.0,0.03
1935,2019.0,0.009,0.182,0.139,0.006,0.139
1936,2019.0,0.032,0.011,0.011,0.0,0.011
1937,2019.0,0.0,0.018,0.0,0.0,0.0
1938,2019.0,0.16,0.067,0.036,0.0,0.036
1939,2019.0,0.107,0.016,0.015,0.0,0.015
1940,2019.0,0.027,0.023,0.006,0.0,0.006
1941,2019.0,0.832,0.094,0.009,0.0,0.009
1942,2019.0,0.014,0.089,0.012,0.002,0.012
1943,2019.0,0.063,0.028,0.011,0.0,0.011
1944,2019.0,0.013,0.007,0.007,0.0,0.007
1945,2019.0,0.011,0.0,0.0,0.0,0.0
1946,2019.0,0.107,0.0,0.008,0.0,0.008
1947,2019.0,0.038,0.032,0.017,0.0,0.017
1948,2019.0,0.006,0.005,0.0,0.0,0.0
1949,2019.0,0.006,0.155,0.0,0.003,0.0
1950,2019.0,0.005,0.14,0.019,0.003,0.019
1951,2019.0,0.01,0.014,0.0,0.0,0.0
1952,2019.0,0.0,0.014,0.0,0.0,0.0
1953,2019.0,0.08,0.012,0.024,0.003,0.024
1954,2019.0,0.015,0.02,0.033,0.0,0.033
1955,2019.0,0.009,0.007,0.051,0.0,0.051
1956,2019.0,0.07,0.025,0.007,0.0,0.007
1957,2019.0,0.0,0.016,0.0,0.0,0.0
1958,2019.0,0.013,0.016,0.008,0.0,0.008
1959,2019.0,0.014,0.021,0.009,0.0,0.009
1960,2019.0,0.0,0.038,0.0,0.0,0.0
1961,2019.0,0.022,0.051,0.0,0.0,0.0
1962,2019.0,0.063,0.071,0.032,0.0,0.032
1963,2019.0,0.147,0.066,0.007,0.0,0.007
1964,2019.0,0.02,0.016,0.0,0.0,0.0
1965,2019.0,0.0,0.011,0.0,0.0,0.0
1966,2019.0,0.006,0.127,0.03,0.003,0.03
1967,2019.0,0.05,0.015,0.038,0.0,0.038
1968,2019.0,0.064,0.018,0.0,0.0,0.0
1969,2019.0,0.11,0.169,0.006,0.003,0.006
1970,2019.0,0.014,0.007,0.006,0.0,0.006
1971,2019.0,0.006,0.008,0.0,0.0,0.0
1972,2019.0,0.006,0.037,0.0,0.0,0.0
1973,2019.0,0.012,0.05,0.0,0.0,0.0
1974,2019.0,0.05,0.126,0.0,0.003,0.0
1975,2019.0,0.013,0.011,0.166,0.0,0.166
1976,2019.0,0.217,0.038,0.042,0.0,0.042
1977,2019.0,0.0,0.063,0.005,0.0,0.005
1978,2019.0,0.005,0.024,0.0,0.0,0.0
1979,2019.0,0.016,0.009,0.0,0.0,0.0
1980,2019.0,0.02,0.012,0.0,0.0,0.0
1981,2019.0,0.015,0.0,0.009,0.0,0.009
1982,2019.0,0.088,0.073,0.038,0.0,0.038
1983,2019.0,0.083,0.027,0.011,0.003,0.011
1984,2019.0,0.019,0.033,0.0,0.0,0.0
1985,2019.0,0.079,0.01,0.01,0.0,0.01
1986,2019.0,0.04,0.028,0.0,0.0,0.0
1987,2019.0,0.388,0.07,0.052,0.0,0.052
1988,2019.0,0.043,0.007,0.011,0.0,0.011
1989,2019.0,0.74,0.141,0.057,0.002,0.057
1990,2019.0,0.03,0.022,0.009,0.0,0.009
1991,2019.0,0.025,0.052,0.0,0.0,0.0
1992,2019.0,0.057,0.053,0.025,0.0,0.025
1993,2019.0,0.819,0.008,0.009,0.0,0.009
1994,2019.0,0.365,0.009,0.014,0.0,0.014
1995,2019.0,0.0,0.132,0.009,0.003,0.009
1996,2019.0,0.443,0.019,0.0,0.0,0.0
1997,2019.0,0.053,0.144,0.039,0.0,0.039
1998,2019.0,0.133,0.056,0.0,0.0,0.0
1999,2019.0,0.0,0.021,0.0,0.0,0.0
2000,2019.0,0.01,0.061,0.0,0.0,0.0
2001,2019.0,0.036,0.019,0.042,0.0,0.042
2002,2019.0,0.096,0.124,0.0,0.0,0.0
2003,2019.0,0.025,0.02,0.012,0.0,0.012
2004,2019.0,0.022,0.037,0.011,0.0,0.011
2005,2019.0,0.0,0.0,0.018,0.0,0.018
2006,2019.0,0.011,0.006,0.005,0.0,0.005
2007,2019.0,0.03,0.073,0.0,0.0,0.0
2008,2019.0,0.021,0.018,0.009,0.0,0.009
2009,2019.0,0.078,0.071,0.011,0.0,0.011
2010,2019.0,0.055,0.028,0.022,0.0,0.022
2011,2019.0,0.203,0.013,0.017,0.0,0.017
2012,2019.0,0.64,0.107,0.05,0.003,0.05
2013,2019.0,0.174,0.057,0.034,0.0,0.034
2014,2019.0,0.023,0.086,0.016,0.002,0.016
2015,2019.0,0.187,0.033,0.157,0.0,0.157
2016,2019.0,0.523,0.072,0.007,0.0,0.007
2017,2019.0,0.0,0.237,0.0,0.003,0.0
2018,2019.0,0.008,0.022,0.0,0.0,0.0
2019,2019.0,0.006,0.035,0.0,0.0,0.0
2020,2019.0,0.017,0.013,0.012,0.0,0.012
2021,2019.0,0.008,0.006,0.007,0.0,0.007
2022,2019.0,0.012,0.019,0.134,0.009,0.134
2023,2019.0,0.009,0.013,0.0,0.0,0.0
2024,2019.0,0.015,0.0,0.006,0.003,0.006
2025,2019.0,0.02,0.028,0.0,0.0,0.0
2026,2019.0,0.025,0.05,0.008,0.0,0.008
2027,2019.0,0.03,0.046,0.02,0.0,0.02
2028,2019.0,0.156,0.013,0.175,0.0,0.175
2029,2019.0,0.0,0.087,0.037,0.002,0.037
2030,2019.0,0.017,0.021,0.0,0.0,0.0
2031,2019.0,0.007,0.022,0.0,0.0,0.0
2032,2019.0,0.026,0.02,0.006,0.0,0.006
2033,2019.0,0.012,0.011,0.009,0.0,0.009
2034,2019.0,0.013,0.007,0.006,0.0,0.006
2035,2019.0,0.076,0.016,0.008,0.002,0.008
2036,2019.0,0.0,0.0,0.03,0.0,0.03
2037,2019.0,0.0,0.0,0.0,0.0,0.0
2038,2019.0,0.008,0.007,0.0,0.0,0.0
2039,2019.0,0.0,0.007,0.0,0.0,0.0
2040,2019.0,0.015,0.065,0.034,0.0,0.034
2041,2019.0,0.033,0.0,0.017,0.0,0.017
2042,2019.0,0.007,0.01,0.015,0.0,0.015
2043,2019.0,0.063,0.0,0.035,0.0,0.035
2044,2019.0,0.005,0.0,0.0,0.0,0.0
2045,2019.0,0.024,0.067,0.222,0.003,0.222
2046,2019.0,0.01,0.012,0.0,0.0,0.0
2047,2019.0,0.218,0.008,0.026,0.0,0.026
2048,2019.0,0.039,0.0,0.005,0.0,0.005
2049,2019.0,0.006,0.009,0.05,0.0,0.05
2050,2019.0,0.017,0.0,0.039,0.0,0.039
2051,2019.0,0.02,0.0,0.0,0.0,0.0
2052,2019.0,0.039,0.0,0.009,0.0,0.009
2053,2019.0,0.018,0.026,0.007,0.0,0.007
2054,2019.0,0.016,0.0,0.0,0.0,0.0
2055,2019.0,0.022,0.0,0.005,0.0,0.005
2056,2019.0,0.007,0.009,0.0,0.0,0.0
2057,2019.0,0.0,0.0,0.0,0.0,0.0
2058,2019.0,0.008,0.009,0.005,0.0,0.005
2059,2019.0,0.008,0.014,0.006,0.0,0.006
2060,2019.0,0.012,0.007,0.013,0.0,0.013
2061,2019.0,0.063,0.008,0.025,0.0,0.025
2062,2019.0,0.012,0.0,0.009,0.0,0.009
2063,2019.0,0.034,0.018,0.079,0.003,0.079
2064,2019.0,0.028,0.042,0.0,0.0,0.0
2065,2019.0,0.093,0.057,0.006,0.0,0.006
2066,2019.0,0.011,0.011,0.009,0.0,0.009
2067,2019.0,0.01,0.01,0.009,0.0,0.009
2068,2019.0,0.02,0.01,0.0,0.0,0.0
2069,2019.0,0.016,0.018,0.013,0.0,0.013
2070,2019.0,0.026,0.006,0.005,0.0,0.005
2071,2019.0,0.009,0.007,0.0,0.0,0.0
2072,2019.0,0.025,0.035,0.012,0.0,0.012
2073,2019.0,0.013,0.013,0.0,0.0,0.0
2074,2019.0,0.057,0.008,0.007,0.0,0.007
2075,2019.0,0.041,0.022,0.016,0.0,0.016
2076,2019.0,0.097,0.025,0.0,0.0,0.0
2077,2019.0,0.008,0.0,0.0,0.0,0.0
2078,2019.0,0.0,0.0,0.0,0.0,0.0
2079,2019.0,0.02,0.027,0.0,0.0,0.0
2080,2019.0,0.014,0.038,0.005,0.0,0.005
2081,2019.0,0.01,0.009,0.039,0.0,0.039
2082,2019.0,0.041,0.017,0.006,0.0,0.006
2083,2019.0,0.011,0.0,0.0,0.0,0.0
2084,2019.0,0.031,0.032,0.023,0.0,0.023
2085,2019.0,0.022,0.0,0.0,0.0,0.0
2086,2019.0,0.044,0.073,0.287,0.029,0.287
2087,2019.0,0.021,0.021,0.007,0.0,0.007
2088,2019.0,0.01,0.007,0.0,0.0,0.0
2089,2019.0,0.25,0.0,0.007,0.0,0.007
2090,2019.0,0.022,0.021,0.0,0.0,0.0
2091,2019.0,0.017,0.0,0.008,0.0,0.008
2092,2019.0,0.06,0.026,0.009,0.0,0.009
2093,2019.0,0.029,0.108,0.011,0.0,0.011
2094,2019.0,0.016,0.014,0.013,0.0,0.013
2095,2019.0,0.0,0.064,0.009,0.0,0.009
2096,2019.0,0.019,0.0,0.015,0.0,0.015
2097,2019.0,0.095,0.01,0.029,0.0,0.029
2098,2019.0,0.01,0.0,0.005,0.0,0.005
2099,2019.0,0.006,0.033,0.01,0.0,0.01
2100,2019.0,0.019,0.0,0.0,0.0,0.0
2101,2019.0,0.017,0.008,0.0,0.0,0.0
2102,2019.0,0.03,0.019,0.015,0.0,0.015
2103,2019.0,0.041,0.009,0.0,0.0,0.0
2104,2019.0,0.016,0.01,0.011,0.0,0.011
2105,2019.0,0.009,0.0,0.0,0.0,0.0
2106,2019.0,0.014,0.023,0.0,0.0,0.0
2107,2019.0,0.033,0.0,0.008,0.0,0.008
2108,2019.0,0.017,0.056,0.0,0.0,0.0
2109,2019.0,0.016,0.013,0.009,0.0,0.009
2110,2019.0,0.011,0.01,0.0,0.0,0.0
2111,2019.0,0.021,0.05,0.006,0.0,0.006
2112,2019.0,0.024,0.0,0.006,0.0,0.006
2113,2019.0,0.021,0.102,0.0,0.0,0.0
2114,2019.0,0.0,0.0,0.0,0.0,0.0
2115,2019.0,0.081,0.011,0.022,0.0,0.022
2116,2019.0,0.0,0.0,0.0,0.0,0.0
2117,2019.0,0.0,0.0,0.0,0.0,0.0
2118,2019.0,0.011,0.02,0.0,0.0,0.0
2119,2019.0,0.037,0.03,0.008,0.0,0.008
2120,2019.0,0.011,0.013,0.015,0.0,0.015
2121,2019.0,0.034,0.026,0.04,0.0,0.04
2122,2019.0,0.043,2.53,0.018,0.002,0.018
2123,2019.0,0.02,0.041,0.0,0.0,0.0
2124,2020.0,0.0,0.031,0.0,0.0,0.0
2125,2020.0,0.011,0.0,0.0,0.0,0.0
2126,2020.0,0.006,0.0,0.0,0.0,0.0
2127,2020.0,0.009,0.015,0.0,0.0,0.0
2128,2020.0,0.0,0.005,0.0,0.0,0.0
2129,2020.0,0.012,0.005,0.009,0.0,0.009
2130,2020.0,0.171,0.867,0.483,0.004,0.483
2131,2020.0,0.008,0.011,0.008,0.0,0.008
2132,2020.0,0.014,0.06,0.035,0.0,0.035
2133,2020.0,0.017,0.026,0.0,0.0,0.0
2134,2020.0,0.006,0.0,0.0,0.0,0.0
2135,2020.0,0.012,0.005,0.0,0.0,0.0
2136,2020.0,0.013,0.03,0.046,0.0,0.046
2137,2020.0,0.0,0.0,0.0,0.0,0.0
2138,2020.0,0.008,0.0,0.0,0.0,0.0
2139,2020.0,0.009,0.013,0.0,0.0,0.0
2140,2020.0,0.068,0.007,0.0,0.0,0.0
2141,2021.0,0.12,0.012,0.0,0.0,0.0
2142,2021.0,0.009,0.02,0.021,0.0,0.021
2143,2021.0,0.008,0.088,0.011,0.0,0.011
2144,2021.0,0.055,0.031,0.0,0.0,0.0
2145,2021.0,0.009,0.006,0.0,0.0,0.0
2146,2021.0,0.008,0.0,0.0,0.0,0.0
2147,2021.0,0.021,0.0,0.0,0.0,0.0
2148,2021.0,0.01,0.018,0.0,0.0,0.0
2149,2021.0,0.0,0.049,0.0,0.0,0.0
2150,2021.0,0.016,0.005,0.006,0.0,0.006
2151,2021.0,0.015,0.057,0.0,0.0,0.0
2152,2021.0,0.025,0.011,0.0,0.0,0.0
2153,2021.0,0.007,0.011,0.0,0.0,0.0
2154,2021.0,0.027,0.01,0.0,0.0,0.0
2155,2021.0,0.041,0.007,0.008,0.0,0.008
2156,2021.0,0.033,0.016,0.0,0.0,0.0
2157,2021.0,0.019,0.007,0.0,0.0,0.0
2158,2021.0,0.049,0.0,0.0,0.0,0.0
2159,2021.0,0.007,0.011,0.0,0.0,0.0
2160,2021.0,0.011,0.0,0.0,0.0,0.0
2161,2021.0,0.006,0.009,0.0,0.0,0.0
2162,2021.0,0.108,0.015,0.0,0.0,0.0
2163,2021.0,0.043,0.0,0.006,0.0,0.006
2164,2021.0,0.0,0.0,0.0,0.0,0.0
2165,2021.0,0.093,0.015,0.013,0.0,0.013
2166,2021.0,1.15,0.009,0.214,0.0,0.214
2167,2021.0,0.008,0.006,0.0,0.0,0.0
2168,2021.0,0.0,0.019,0.007,0.0,0.007
2169,2021.0,0.0,0.007,0.0,0.0,0.0
2170,2021.0,0.041,0.0,0.02,0.0,0.02
2171,2021.0,0.013,0.024,0.0,0.0,0.0
2172,2021.0,0.009,0.01,0.0,0.0,0.0
2173,2021.0,0.016,0.012,0.0,0.0,0.0
2174,2021.0,0.056,0.011,0.0,0.0,0.0
2175,2021.0,0.005,0.0,0.011,0.0,0.011
2176,2021.0,0.015,0.009,0.0,0.0,0.0
2177,2021.0,0.008,0.007,0.0,0.0,0.0
2178,2021.0,0.005,0.007,0.0,0.0,0.0
2179,2021.0,0.0,0.009,0.0,0.0,0.0
2180,2021.0,0.166,0.013,0.022,0.0,0.022
2181,2021.0,0.016,0.008,0.0,0.0,0.0
2182,2021.0,0.027,0.0,0.0,0.0,0.0
2183,2021.0,0.012,0.032,0.0,0.0,0.0
2184,2021.0,0.016,0.0,0.0,0.0,0.0
2185,2021.0,0.009,0.005,0.0,0.0,0.0
2186,2021.0,0.013,0.0,0.0,0.0,0.0
2187,2021.0,0.106,0.009,0.01,0.0,0.01
2188,2021.0,0.236,0.029,0.052,0.0,0.052
2189,2021.0,0.017,0.023,0.006,0.0,0.006
2190,2021.0,0.057,0.014,0.0,0.0,0.0
2191,2021.0,0.007,0.0,0.0,0.0,0.0
2192,2021.0,0.092,0.018,0.0,0.0,0.0
2193,2021.0,0.017,0.015,0.0,0.0,0.0
2194,2021.0,0.06,0.017,0.0,0.0,0.0
2195,2021.0,0.088,0.009,0.0,0.0,0.0
2196,2021.0,0.02,0.0,0.0,0.0,0.0
2197,2021.0,0.018,0.0,0.0,0.0,0.0
2198,2021.0,0.103,0.0,0.008,0.0,0.008
2199,2021.0,0.0,0.0,0.0,0.0,0.0
2200,2021.0,0.0,0.015,0.0,0.0,0.0
2201,2021.0,0.0,0.012,0.0,0.0,0.0
2202,2021.0,0.017,0.0,0.0,0.0,0.0
2203,2021.0,0.0,0.013,0.0,0.0,0.0
2204,2021.0,0.008,0.0,0.0,0.0,0.0
2205,2021.0,0.037,0.007,0.0,0.0,0.0
2206,2021.0,0.035,0.007,0.0,0.0,0.0
2207,2021.0,0.016,0.013,0.0,0.0,0.0
2208,2021.0,0.0,0.013,0.0,0.0,0.0
2209,2021.0,0.055,0.022,0.0,0.0,0.0
2210,2021.0,0.0,0.0,0.0,0.0,0.0
2211,2021.0,0.02,0.005,0.008,0.0,0.008
2212,2021.0,0.026,0.066,0.0,0.0,0.0
2213,2021.0,0.007,0.007,0.0,0.0,0.0
2214,2021.0,0.026,0.0,0.005,0.0,0.005
2215,2021.0,0.039,0.008,0.059,0.0,0.059
2216,2021.0,0.124,0.018,0.0,0.0,0.0
2217,2021.0,0.014,0.006,0.006,0.0,0.006
2218,2021.0,0.053,0.0,0.0,0.0,0.0
2219,2021.0,0.08,0.02,0.006,0.0,0.006
2220,2021.0,0.103,0.01,0.021,0.0,0.021
2221,2021.0,0.015,0.008,0.0,0.0,0.0
2222,2021.0,0.041,0.026,0.032,0.0,0.032
2223,2021.0,0.141,0.011,0.009,0.0,0.009
2224,2021.0,0.031,0.0,0.0,0.0,0.0
2225,2021.0,0.0,0.008,0.0,0.0,0.0
2226,2021.0,0.008,0.012,0.0,0.0,0.0
2227,2021.0,0.036,0.016,0.0,0.0,0.0
2228,2021.0,0.008,0.0,0.0,0.0,0.0
2229,2021.0,0.085,0.014,0.009,0.0,0.009
2230,2021.0,0.033,0.008,0.0,0.0,0.0
2231,2021.0,0.024,0.0,0.017,0.0,0.017
2232,2021.0,0.062,0.024,0.0,0.0,0.0
2233,2021.0,0.012,0.0,0.008,0.0,0.008
2234,2021.0,0.04,0.0,0.0,0.0,0.0
2235,2021.0,0.008,0.0,0.007,0.0,0.007
2236,2021.0,0.101,0.017,0.064,0.0,0.064
2237,2021.0,0.014,0.01,0.023,0.0,0.023
2238,2021.0,0.009,0.006,0.0,0.0,0.0
2239,2021.0,0.011,0.0,0.0,0.0,0.0
2240,2021.0,0.011,0.0,0.0,0.0,0.0
2241,2021.0,0.007,0.012,0.0,0.0,0.0
2242,2021.0,0.026,0.0,0.0,0.0,0.0
2243,2021.0,0.007,0.006,0.0,0.0,0.0
2244,2021.0,0.069,0.015,0.0,0.0,0.0
2245,2021.0,0.129,0.023,0.0,0.0,0.0
2246,2021.0,0.031,0.0,0.0,0.0,0.0
2247,2021.0,0.096,0.011,0.0,0.0,0.0
2248,2021.0,0.03,0.0,0.0,0.0,0.0
2249,2021.0,0.015,0.01,0.064,0.0,0.064
2250,2021.0,0.018,0.008,0.0,0.0,0.0
2251,2021.0,0.016,0.0,0.0,0.0,0.0
2252,2021.0,0.0,0.007,0.054,0.007,0.054
2253,2021.0,0.015,0.012,0.0,0.0,0.0
2254,2021.0,0.024,0.0,0.0,0.0,0.0
2255,2021.0,0.045,0.0,0.006,0.0,0.006
2256,2021.0,0.07,0.011,0.012,0.0,0.012
2257,2021.0,0.037,0.036,0.0,0.0,0.0
2258,2021.0,0.045,1.98,0.0,0.005,0.0
2259,2021.0,0.043,0.009,0.0,0.0,0.0
2260,2021.0,0.023,0.021,0.006,0.0,0.006
2261,2021.0,0.066,0.008,0.0,0.0,0.0
2262,2021.0,0.0,0.007,0.0,0.0,0.0
2263,2021.0,0.016,0.006,0.0,0.0,0.0
2264,2021.0,0.006,0.01,0.0,0.0,0.0
2265,2021.0,0.012,0.017,0.0,0.0,0.0
2266,2021.0,0.0,0.0,0.007,0.0,0.007
2267,2021.0,0.008,0.009,0.0,0.0,0.0
2268,2021.0,0.015,0.018,0.0,0.0,0.0
2269,2021.0,0.014,0.0,0.0,0.0,0.0
2270,2021.0,0.037,0.006,0.0,0.0,0.0
2271,2021.0,0.007,0.009,0.0,0.0,0.0
2272,2021.0,0.014,0.0,0.036,0.0,0.036
2273,2021.0,0.061,0.0,0.006,0.0,0.006
2274,2021.0,0.02,0.027,0.0,0.0,0.0
2275,2021.0,0.087,0.0,0.014,0.0,0.014
2276,2021.0,0.015,0.02,0.0,0.0,0.0
2277,2021.0,0.128,0.0,0.0,0.0,0.0
2278,2021.0,0.012,0.121,0.036,0.002,0.036
2279,2021.0,0.008,0.187,0.012,0.004,0.012
2280,2021.0,0.031,0.017,0.006,0.0,0.006
2281,2021.0,0.006,0.033,0.0,0.0,0.0
2282,2021.0,0.013,0.101,0.0,0.0,0.0
2283,2021.0,0.009,0.018,0.0,0.0,0.0
2284,2021.0,0.013,0.018,0.043,0.0,0.043
2285,2021.0,0.018,0.032,0.007,0.0,0.007
2286,2021.0,0.0,0.007,0.0,0.0,0.0
2287,2021.0,0.027,0.036,0.0,0.0,0.0
2288,2021.0,0.0,0.101,0.0,0.002,0.0
2289,2021.0,0.0,0.007,0.0,0.0,0.0
2290,2021.0,0.005,0.021,0.0,0.0,0.0
2291,2021.0,0.008,0.0,0.0,0.0,0.0
2292,2021.0,0.008,0.0,0.013,0.0,0.013
2293,2021.0,0.005,0.036,0.0,0.0,0.0
2294,2021.0,0.04,0.011,0.0,0.0,0.0
2295,2021.0,0.0,0.0,0.005,0.0,0.005
2296,2021.0,0.009,0.006,0.005,0.0,0.005
2297,2021.0,0.02,0.011,0.01,0.0,0.01
2298,2021.0,0.015,0.03,0.0,0.0,0.0
2299,2021.0,0.029,0.009,0.008,0.0,0.008
2300,2021.0,0.0,0.021,0.0,0.0,0.0
2301,2021.0,0.09,0.026,0.008,0.0,0.008
2302,2021.0,0.014,0.028,0.006,0.0,0.006
2303,2021.0,0.021,0.0,0.0,0.0,0.0
2304,2021.0,0.018,0.038,0.0,0.0,0.0
2305,2021.0,0.01,0.047,0.0,0.0,0.0
2306,2021.0,0.154,0.012,0.12,0.005,0.12
2307,2021.0,0.008,0.088,0.0,0.002,0.0
2308,2021.0,0.014,0.006,0.008,0.0,0.008
2309,2021.0,0.016,0.032,0.023,0.0,0.023
2310,2021.0,0.016,0.029,0.0,0.0,0.0
2311,2021.0,0.097,0.033,0.014,0.002,0.014
2312,2021.0,0.0,0.049,0.0,0.0,0.0
2313,2021.0,0.0,0.0,0.006,0.0,0.006
2314,2021.0,0.009,0.017,0.0,0.0,0.0
2315,2021.0,0.008,0.012,0.0,0.0,0.0
2316,2021.0,0.026,0.0,0.009,0.0,0.009
2317,2021.0,0.02,0.0,0.0,0.0,0.0
2318,2021.0,0.022,0.057,0.0,0.0,0.0
2319,2021.0,0.016,0.217,0.0,0.005,0.0
2320,2021.0,0.007,0.077,0.025,0.0,0.025
2321,2021.0,0.006,0.005,0.0,0.0,0.0
2322,2021.0,0.007,0.04,0.026,0.0,0.026
2323,2021.0,0.0,0.041,0.0,0.0,0.0
2324,2021.0,0.038,0.014,0.0,0.0,0.0
2325,2021.0,0.014,0.006,0.0,0.0,0.0
2326,2021.0,0.09,0.043,0.007,0.0,0.007
2327,2021.0,0.01,0.006,0.0,0.0,0.0
2328,2021.0,0.011,0.01,0.0,0.0,0.0
2329,2021.0,0.0,0.012,0.0,0.0,0.0
2330,2021.0,0.009,0.008,0.0,0.0,0.0
2331,2021.0,0.009,0.169,0.0,0.003,0.0
2332,2021.0,0.011,0.0,0.0,0.0,0.0
2333,2021.0,0.005,0.007,0.0,0.0,0.0
2334,2021.0,0.01,0.007,0.0,0.0,0.0
2335,2021.0,0.0,0.0,0.028,0.0,0.028
2336,2021.0,0.011,0.0,0.012,0.0,0.012
2337,2021.0,0.007,0.008,0.0,0.0,0.0
2338,2021.0,0.033,0.018,0.0,0.0,0.0
2339,2021.0,0.033,0.047,0.0,0.0,0.0
2340,2021.0,0.024,0.032,0.0,0.0,0.0
2341,2021.0,0.0,0.013,0.0,0.0,0.0
2342,2021.0,0.008,0.042,0.0,0.0,0.0
2343,2021.0,0.0,0.029,0.0,0.0,0.0
2344,2021.0,0.011,0.052,0.048,0.0,0.048
2345,2021.0,0.018,0.006,0.0,0.0,0.0
2346,2021.0,0.023,0.0,0.007,0.0,0.007
2347,2021.0,0.023,0.022,0.011,0.0,0.011
2348,2021.0,0.014,0.083,0.0,0.0,0.0
2349,2021.0,0.021,0.014,0.009,0.0,0.009
2350,2021.0,0.0,0.007,0.01,0.0,0.01
2351,2021.0,0.017,0.104,0.006,0.002,0.006
2352,2021.0,0.006,0.0,0.0,0.0,0.0
2353,2021.0,0.011,0.0,0.0,0.0,0.0
2354,2021.0,0.009,0.005,0.0,0.0,0.0
2355,2021.0,0.007,0.0,0.0,0.0,0.0
2356,2021.0,0.007,0.0,0.0,0.0,0.0
2357,2021.0,0.017,0.005,0.0,0.0,0.0
2358,2021.0,0.0,0.019,0.006,0.0,0.006
2359,2021.0,0.006,0.005,0.006,0.0,0.006
2360,2021.0,0.036,0.006,0.0,0.0,0.0
2361,2021.0,0.1,0.019,0.006,0.0,0.006
2362,2021.0,0.019,0.012,0.01,0.0,0.01
2363,2021.0,0.015,0.094,0.038,0.0,0.038
2364,2021.0,0.018,0.0,0.0,0.0,0.0
2365,2021.0,0.009,0.016,0.0,0.0,0.0
2366,2021.0,0.014,0.0,0.0,0.0,0.0
2367,2021.0,0.042,0.0,0.041,0.0,0.041
2368,2021.0,0.011,0.007,0.0,0.0,0.0
2369,2021.0,0.012,0.005,0.0,0.0,0.0
2370,2021.0,0.0,0.0,0.0,0.0,0.0
2371,2021.0,0.012,0.008,0.012,0.0,0.012
2372,2021.0,0.0,0.009,0.0,0.0,0.0
2373,2021.0,0.0,0.03,0.0,0.0,0.0
2374,2021.0,0.011,0.035,0.0,0.0,0.0
2375,2021.0,0.009,0.006,0.0,0.0,0.0
2376,2021.0,0.0,0.007,0.006,0.0,0.006
2377,2021.0,0.038,0.039,0.0,0.0,0.0
2378,2021.0,0.012,0.015,0.009,0.0,0.009
2379,2021.0,0.02,0.014,0.034,0.0,0.034
2380,2021.0,0.0,0.014,0.0,0.0,0.0
2381,2021.0,0.007,0.01,0.0,0.0,0.0
2382,2021.0,0.052,0.033,0.0,0.0,0.0
2383,2021.0,0.014,0.006,0.0,0.0,0.0
2384,2021.0,0.008,0.009,0.0,0.0,0.0
2385,2021.0,0.007,0.009,0.016,0.0,0.016
2386,2021.0,0.0,0.068,0.0,0.002,0.0
2387,2021.0,0.04,0.012,0.017,0.0,0.017
2388,2021.0,0.091,0.168,0.042,0.002,0.042
2389,2021.0,0.0,0.009,0.0,0.0,0.0
2390,2021.0,0.009,0.01,0.0,0.0,0.0
2391,2021.0,0.0,0.016,0.0,0.0,0.0
2392,2021.0,0.138,0.009,0.04,0.0,0.04
2393,2021.0,0.022,0.012,0.0,0.0,0.0
2394,2021.0,0.028,0.025,0.005,0.002,0.005
2395,2021.0,0.006,0.018,0.008,0.0,0.008
2396,2021.0,0.043,0.006,0.017,0.0,0.017
2397,2021.0,0.011,0.0,0.0,0.0,0.0
2398,2021.0,0.031,0.0,0.0,0.0,0.0
2399,2021.0,0.0,0.017,0.0,0.0,0.0
2400,2021.0,0.0,0.025,0.008,0.0,0.008
2401,2021.0,0.008,0.0,0.014,0.0,0.014
2402,2021.0,0.008,0.014,0.0,0.0,0.0
2403,2021.0,0.018,0.0,0.005,0.0,0.005
2404,2021.0,0.022,0.008,0.0,0.0,0.0
2405,2021.0,0.008,0.014,0.008,0.0,0.008
2406,2021.0,0.106,0.013,0.0,0.0,0.0
2407,2021.0,0.0,0.027,0.007,0.0,0.007
2408,2021.0,0.0,0.022,0.0,0.0,0.0
2409,2021.0,0.019,0.011,0.0,0.0,0.0
2410,2021.0,0.016,0.013,0.0,0.0,0.0
2411,2021.0,0.008,0.016,0.0,0.0,0.0
2412,2021.0,0.044,0.01,0.013,0.0,0.013
2413,2021.0,0.013,0.016,0.0,0.0,0.0
2414,2021.0,0.135,0.112,0.0,0.0,0.0
2415,2021.0,0.034,0.041,0.015,0.0,0.015
2416,2021.0,0.009,0.184,0.007,0.003,0.007
2417,2021.0,0.023,0.026,0.007,0.0,0.007
2418,2021.0,0.008,0.061,0.014,0.0,0.014
2419,2021.0,0.021,0.011,0.0,0.0,0.0
2420,2021.0,0.023,0.01,0.0,0.0,0.0
2421,2021.0,0.021,0.012,0.0,0.0,0.0
2422,2021.0,0.013,0.027,0.0,0.0,0.0
2423,2021.0,0.007,0.033,0.0,0.0,0.0
2424,2021.0,0.007,0.008,0.006,0.0,0.006
2425,2021.0,0.006,0.007,0.007,0.0,0.007
2426,2021.0,0.023,0.013,0.005,0.0,0.005
2427,2021.0,0.014,0.016,0.0,0.0,0.0
2428,2021.0,0.014,0.0,0.005,0.0,0.005
2429,2021.0,0.28,0.057,0.223,0.002,0.223
2430,2021.0,0.01,0.06,0.0,0.0,0.0
2431,2021.0,0.007,0.0,0.0,0.0,0.0
2432,2021.0,0.0,0.006,0.0,0.0,0.0
2433,2021.0,0.006,0.0,0.0,0.0,0.0
2434,2021.0,0.013,0.01,0.0,0.0,0.0
2435,2021.0,0.034,0.36,0.011,0.004,0.011
2436,2021.0,0.005,0.023,0.0,0.0,0.0
2437,2021.0,0.007,0.011,0.018,0.004,0.018
2438,2021.0,0.015,0.009,0.026,0.0,0.026
2439,2021.0,0.035,0.008,0.0,0.0,0.0
2440,2021.0,0.005,0.0,0.0,0.0,0.0
2441,2021.0,0.018,0.027,0.0,0.0,0.0
2442,2021.0,0.029,0.006,0.01,0.0,0.01
2443,2021.0,0.009,0.013,0.0,0.0,0.0
2444,2021.0,0.024,0.031,0.0,0.0,0.0
2445,2021.0,0.013,0.012,0.0,0.0,0.0
2446,2021.0,0.0,0.028,0.0,0.0,0.0
2447,2021.0,0.0,0.01,0.0,0.0,0.0
2448,2021.0,0.008,0.012,0.0,0.0,0.0
2449,2021.0,0.013,0.014,0.0,0.0,0.0
2450,2021.0,0.0,0.013,0.033,0.0,0.033
2451,2021.0,0.0,0.0,0.009,0.0,0.009
2452,2021.0,0.0,0.057,0.0,0.0,0.0
2453,2021.0,0.021,0.022,0.008,0.0,0.008
2454,2021.0,0.008,0.007,0.0,0.0,0.0
2455,2021.0,0.027,0.008,0.006,0.0,0.006
2456,2021.0,0.0,0.014,0.0,0.0,0.0
2457,2021.0,0.008,0.007,0.006,0.0,0.006
2458,2021.0,0.013,0.007,0.0,0.0,0.0
2459,2021.0,0.0,0.0,0.0,0.0,0.0
2460,2021.0,0.018,0.0,0.005,0.0,0.005
2461,2021.0,0.006,0.041,0.011,0.0,0.011
2462,2021.0,0.095,0.043,0.0,0.0,0.0
2463,2021.0,0.015,0.138,0.0,0.004,0.0
2464,2021.0,0.0,0.013,0.01,0.0,0.01
2465,2021.0,0.194,0.019,0.11,0.007,0.11
2466,2021.0,0.08,0.0,0.014,0.0,0.014
2467,2021.0,0.0,0.0,0.006,0.0,0.006
2468,2021.0,0.006,0.0,0.0,0.0,0.0
2469,2021.0,0.008,0.017,0.0,0.0,0.0
2470,2021.0,0.0,0.031,0.0,0.0,0.0
2471,2021.0,0.149,0.009,0.0,0.0,0.0
2472,2021.0,0.02,0.028,0.022,0.0,0.022
2473,2021.0,0.043,0.0,0.01,0.0,0.01
2474,2021.0,0.032,0.037,0.0,0.0,0.0
2475,2021.0,0.022,0.013,0.009,0.0,0.009
2476,2021.0,0.0,0.01,0.0,0.0,0.0
2477,2021.0,0.007,0.006,0.0,0.0,0.0
2478,2021.0,0.044,0.009,0.01,0.0,0.01
2479,2021.0,0.01,0.0,0.0,0.0,0.0
2480,2021.0,0.017,0.008,0.0,0.0,0.0
2481,2021.0,0.0,0.033,0.0,0.0,0.0
2482,2021.0,0.029,0.017,0.006,0.0,0.006
2483,2021.0,0.035,0.006,0.034,0.0,0.034
2484,2021.0,0.081,0.012,0.034,0.0,0.034
2485,2021.0,0.026,0.0,0.0,0.0,0.0
2486,2021.0,0.052,0.029,0.063,0.0,0.063
2487,2021.0,0.025,0.02,0.01,0.005,0.01
2488,2021.0,0.005,0.013,0.014,0.0,0.014
2489,2021.0,0.0,0.02,0.0,0.0,0.0
2490,2021.0,0.009,0.0,0.012,0.0,0.012
2491,2021.0,0.0,0.0,0.0,0.0,0.0
2492,2021.0,0.01,0.043,0.012,0.0,0.012
2493,2021.0,0.039,0.012,0.031,0.0,0.031
2494,2021.0,0.029,0.024,0.0,0.0,0.0
2495,2021.0,0.009,0.0,0.0,0.0,0.0
2496,2021.0,0.088,0.016,0.0,0.008,0.0
2497,2021.0,0.01,0.059,0.0,0.0,0.0
2498,2021.0,0.058,0.015,0.0,0.0,0.0
2499,2021.0,0.008,0.023,0.006,0.0,0.006
2500,2021.0,0.0,0.0,0.006,0.0,0.006
2501,2021.0,0.038,0.0,0.0,0.0,0.0
2502,2021.0,0.006,0.006,0.0,0.0,0.0
2503,2021.0,0.01,0.0,0.0,0.0,0.0
2504,2021.0,0.008,0.028,0.0,0.0,0.0
2505,2021.0,0.183,0.098,0.05,0.006,0.05
2506,2021.0,0.008,0.0,0.0,0.0,0.0
2507,2021.0,0.007,0.011,0.0,0.0,0.0
2508,2021.0,0.04,0.0,0.008,0.0,0.008
2509,2021.0,0.044,0.03,0.0,0.0,0.0
2510,2021.0,0.006,0.0,0.006,0.0,0.006
2511,2021.0,0.009,0.01,0.0,0.0,0.0
2512,2021.0,0.014,0.0,0.008,0.0,0.008
2513,2021.0,0.01,0.0,0.0,0.0,0.0
2514,2021.0,0.021,0.025,0.014,0.0,0.014
2515,2021.0,0.021,0.096,0.0,0.0,0.0
2516,2021.0,0.008,0.0,0.0,0.0,0.0
2517,2021.0,0.021,0.041,0.021,0.011,0.021
2518,2021.0,0.019,0.009,0.012,0.0,0.012
2519,2021.0,0.0,0.0,0.01,0.0,0.01
2520,2021.0,0.012,0.014,0.0,0.0,0.0
2521,2021.0,0.015,0.019,0.01,0.0,0.01
2522,2021.0,0.131,0.007,0.008,0.0,0.008
2523,2021.0,0.006,0.0,0.0,0.0,0.0
2524,2021.0,0.019,0.0,0.0,0.0,0.0
2525,2021.0,0.008,0.007,0.0,0.0,0.0
2526,2021.0,0.006,0.021,0.016,0.0,0.016
2527,2021.0,0.012,0.012,0.0,0.0,0.0
2528,2021.0,0.026,0.164,0.005,0.003,0.005
2529,2021.0,0.093,0.0,0.012,0.0,0.012
2530,2021.0,0.0,0.023,0.0,0.0,0.0
2531,2021.0,0.005,0.005,0.0,0.0,0.0
2532,2021.0,0.01,0.006,0.0,0.0,0.0
2533,2021.0,0.007,0.014,0.007,0.0,0.007
2534,2021.0,0.036,0.052,0.054,0.0,0.054
2535,2021.0,0.023,0.01,0.005,0.0,0.005
2536,2021.0,0.007,0.034,0.009,0.0,0.009
2537,2021.0,0.008,0.025,0.055,0.003,0.055
2538,2021.0,0.019,0.023,0.0,0.0,0.0
2539,2021.0,0.008,0.008,0.0,0.0,0.0
2540,2021.0,0.014,0.008,0.0,0.0,0.0
2541,2021.0,0.01,0.029,0.036,0.0,0.036
2542,2021.0,0.042,0.065,0.012,0.0,0.012
2543,2021.0,0.0,0.012,0.0,0.0,0.0
2544,2021.0,0.013,0.026,0.0,0.0,0.0
2545,2021.0,0.008,0.008,0.005,0.0,0.005
2546,2021.0,0.006,0.008,0.0,0.0,0.0
2547,2021.0,0.0,0.0,0.0,0.0,0.0
2548,2021.0,0.009,0.113,0.0,0.002,0.0
2549,2021.0,0.014,0.0,0.038,0.0,0.038
2550,2021.0,0.0,0.007,0.0,0.0,0.0
2551,2021.0,0.013,0.011,0.025,0.0,0.025
2552,2021.0,0.061,0.0,0.029,0.004,0.029
2553,2021.0,0.008,0.006,0.0,0.0,0.0
2554,2021.0,0.009,0.057,0.0,0.0,0.0
2555,2021.0,0.0,0.005,0.0,0.0,0.0
2556,2021.0,0.006,0.008,0.0,0.0,0.0
2557,2021.0,0.01,0.027,0.0,0.0,0.0
2558,2021.0,0.0,0.0,0.0,0.0,0.0
2559,2021.0,0.009,0.005,0.014,0.0,0.014
2560,2021.0,0.005,0.01,0.0,0.0,0.0
2561,2021.0,0.0,0.0,0.0,0.0,0.0
2562,2021.0,0.0,0.008,0.0,0.0,0.0
2563,2021.0,0.017,0.0,0.0,0.0,0.0
2564,2021.0,0.012,0.009,0.006,0.0,0.006
2565,2021.0,0.014,0.029,0.006,0.0,0.006
2566,2021.0,0.015,0.04,0.0,0.0,0.0
2567,2021.0,0.009,0.0,0.0,0.0,0.0
2568,2021.0,0.011,0.006,0.0,0.0,0.0
2569,2021.0,0.026,0.006,0.005,0.0,0.005
2570,2021.0,0.0,0.009,0.0,0.0,0.0
2571,2021.0,0.0,0.037,0.01,0.0,0.01
2572,2021.0,0.01,0.029,0.009,0.0,0.009
2573,2021.0,0.064,0.013,0.009,0.0,0.009
2574,2021.0,0.014,0.0,0.007,0.0,0.007
2575,2021.0,0.007,0.0,0.0,0.0,0.0
2576,2021.0,0.01,0.062,0.049,0.002,0.049
2577,2021.0,0.017,0.0,0.0,0.0,0.0
2578,2021.0,0.0,0.0,0.0,0.0,0.0
2579,2021.0,0.043,0.0,0.238,0.0,0.238
2580,2021.0,0.0,0.006,0.023,0.0,0.023
2581,2021.0,0.009,0.038,0.0,0.0,0.0
2582,2021.0,0.0,0.0,0.0,0.0,0.0
2583,2021.0,0.028,0.042,0.006,0.0,0.006
2584,2021.0,0.124,0.058,0.057,0.0,0.057
2585,2021.0,0.008,0.0,0.0,0.0,0.0
2586,2021.0,0.011,0.026,0.011,0.0,0.011
2587,2021.0,0.0,0.02,0.016,0.002,0.016
2588,2021.0,0.013,0.07,0.0,0.0,0.0
2589,2021.0,0.008,0.0,0.0,0.0,0.0
2590,2021.0,0.005,0.0,0.0,0.0,0.0
2591,2021.0,0.007,0.0,0.006,0.0,0.006
2592,2021.0,0.021,0.008,0.0,0.0,0.0
2593,2021.0,0.015,0.014,0.0,0.0,0.0
2594,2021.0,0.0,0.034,0.017,0.0,0.017
2595,2021.0,0.021,0.041,0.0,0.0,0.0
2596,2021.0,0.0,0.011,0.0,0.0,0.0
2597,2021.0,0.032,0.049,0.024,0.0,0.024
2598,2021.0,0.023,0.016,0.011,0.0,0.011
2599,2021.0,0.005,0.083,0.0,0.0,0.0
2600,2021.0,0.037,0.024,0.0,0.0,0.0
2601,2021.0,0.023,0.0,0.006,0.0,0.006
2602,2021.0,0.01,0.0,0.0,0.0,0.0
2603,2021.0,0.031,0.021,0.026,0.0,0.026
2604,2021.0,0.016,0.034,0.0,0.0,0.0
2605,2021.0,0.0,0.012,0.008,0.0,0.008
2606,2021.0,0.037,0.025,0.0,0.0,0.0
2607,2021.0,0.022,0.005,0.008,0.0,0.008
2608,2021.0,0.035,0.019,0.0,0.0,0.0
2609,2021.0,0.0,0.024,0.0,0.0,0.0
2610,2021.0,0.0,0.0,0.0,0.0,0.0
2611,2021.0,0.0,0.014,0.0,0.0,0.0
2612,2021.0,0.105,0.019,0.017,0.0,0.017
2613,2021.0,0.038,0.0,0.023,0.0,0.023
2614,2021.0,0.025,0.006,0.005,0.0,0.005
2615,2021.0,0.007,0.012,0.01,0.0,0.01
2616,2021.0,0.0,0.062,0.0,0.0,0.0
2617,2021.0,0.0,0.008,0.0,0.0,0.0
2618,2021.0,0.058,0.035,0.027,0.0,0.027
2619,2021.0,0.0,0.0,0.0,0.0,0.0
2620,2021.0,0.11,0.02,0.0,0.0,0.0
2621,2021.0,0.016,0.0,0.0,0.0,0.0
2622,2021.0,0.041,0.0,0.01,0.0,0.01
2623,2021.0,0.03,0.0,0.0,0.0,0.0
2624,2021.0,0.007,0.016,0.0,0.0,0.0
2625,2021.0,0.058,0.0,0.012,0.0,0.012
2626,2021.0,0.007,0.02,0.008,0.0,0.008
2627,2021.0,0.084,0.01,0.0,0.0,0.0
2628,2021.0,0.0,0.0,0.0,0.0,0.0
2629,2021.0,0.015,0.042,0.0,0.0,0.0
2630,2021.0,0.566,0.907,0.046,0.022,0.046
2631,2021.0,0.0,0.01,0.006,0.0,0.006
2632,2021.0,0.008,0.023,0.0,0.0,0.0
2633,2021.0,0.011,0.019,0.0,0.0,0.0
2634,2021.0,0.011,0.037,0.007,0.0,0.007
2635,2021.0,0.024,0.017,0.006,0.0,0.006
2636,2021.0,0.021,0.065,0.018,0.0,0.018
2637,2021.0,0.073,0.017,0.0,0.0,0.0
2638,2021.0,0.0,0.022,0.0,0.0,0.0
2639,2021.0,0.026,0.028,0.0,0.0,0.0
2640,2021.0,0.0,0.0,0.0,0.0,0.0
2641,2021.0,0.069,0.018,0.036,0.0,0.036
2642,2021.0,0.01,0.051,0.0,0.0,0.0
2643,2021.0,0.076,0.035,0.02,0.0,0.02
2644,2021.0,0.021,0.0,0.006,0.0,0.006
2645,2021.0,0.013,0.007,0.005,0.0,0.005
2646,2021.0,0.058,0.016,0.0,0.0,0.0
2647,2021.0,0.0,0.0,0.0,0.0,0.0
2648,2021.0,0.022,0.012,0.005,0.0,0.005
2649,2021.0,0.011,0.0,0.006,0.0,0.006
2650,2021.0,0.061,0.008,0.015,0.0,0.015
2651,2021.0,0.042,0.08,0.0,0.0,0.0
2652,2022.0,0.007,0.005,0.005,0.002,0.005
2653,2022.0,0.21,0.046,0.012,0.002,0.012
2654,2022.0,0.012,0.011,0.005,0.002,0.005
2655,2022.0,0.027,0.013,0.026,0.038,0.026
2656,2022.0,0.008,0.007,0.005,0.002,0.005
2657,2022.0,0.01,0.013,0.005,0.002,0.005
2658,2022.0,0.005,0.032,0.005,0.002,0.005
2659,2022.0,0.088,0.013,0.018,0.002,0.018
2660,2022.0,0.018,0.014,0.005,0.002,0.005
2661,2022.0,0.005,0.006,0.005,0.002,0.005
2662,2022.0,0.029,0.013,0.005,0.002,0.005
2663,2022.0,0.13,0.01,0.005,0.002,0.005
2664,2022.0,0.009,0.017,0.005,0.002,0.005
2665,2022.0,0.022,0.198,0.028,0.006,0.028
2666,2022.0,0.011,0.005,0.005,0.002,0.005
2667,2022.0,0.014,0.005,0.005,0.002,0.005
2668,2022.0,0.022,0.005,0.006,0.002,0.006
2669,2022.0,0.024,0.005,0.005,0.002,0.005
2670,2022.0,0.019,0.025,0.005,0.002,0.005
2671,2022.0,0.056,0.006,0.011,0.002,0.011
2672,2022.0,0.006,0.024,0.005,0.002,0.005
2673,2022.0,0.007,0.019,0.005,0.002,0.005
2674,2022.0,0.005,0.019,0.005,0.002,0.005
2675,2022.0,0.196,0.028,0.041,0.002,0.041
2676,2022.0,0.009,0.05,0.005,0.002,0.005
2677,2022.0,0.039,0.04,0.012,0.002,0.012
2678,2022.0,0.006,0.011,0.005,0.002,0.005
2679,2022.0,0.015,0.016,0.005,0.002,0.005
2680,2022.0,0.006,0.018,0.005,0.002,0.005
2681,2022.0,0.016,0.017,0.005,0.002,0.005
2682,2022.0,0.034,0.019,0.005,0.002,0.005
2683,2022.0,0.005,0.024,0.005,0.002,0.005
2684,2022.0,0.005,0.009,0.005,0.002,0.005
2685,2022.0,0.01,0.005,0.013,0.002,0.013
2686,2022.0,0.013,0.005,0.005,0.002,0.005
2687,2022.0,0.005,0.005,0.071,0.002,0.071
2688,2022.0,0.005,0.005,0.005,0.002,0.005
2689,2022.0,0.01,0.019,0.005,0.002,0.005
2690,2022.0,0.065,0.009,0.008,0.002,0.008
2691,2022.0,0.009,0.014,0.059,0.002,0.059
2692,2022.0,0.029,0.039,0.01,0.002,0.01
2693,2022.0,0.007,0.031,0.005,0.002,0.005
2694,2022.0,0.008,0.028,0.005,0.002,0.005
2695,2022.0,0.043,0.015,0.005,0.002,0.005
2696,2022.0,0.011,0.005,0.005,0.002,0.005
2697,2022.0,0.031,0.005,0.005,0.002,0.005
2698,2022.0,0.016,0.041,0.005,0.002,0.005
2699,2022.0,0.007,0.027,0.005,0.002,0.005
2700,2022.0,0.012,0.009,0.005,0.002,0.005
2701,2022.0,0.016,0.009,0.015,0.002,0.015
2702,2022.0,0.023,0.011,0.005,0.002,0.005
2703,2022.0,0.011,0.013,0.005,0.002,0.005
2704,2022.0,0.117,0.012,0.005,0.002,0.005
2705,2022.0,0.007,0.007,0.008,0.002,0.008
2706,2022.0,0.034,0.005,0.005,0.002,0.005
2707,2022.0,0.011,0.006,0.005,0.002,0.005
2708,2022.0,0.026,0.036,0.005,0.002,0.005
2709,2022.0,0.005,0.023,0.005,0.002,0.005
2710,2022.0,0.01,0.018,0.005,0.002,0.005
2711,2022.0,0.006,0.019,0.005,0.002,0.005
2712,2022.0,0.061,0.028,0.005,0.002,0.005
2713,2022.0,0.021,0.006,0.005,0.002,0.005
2714,2022.0,0.079,0.007,0.011,0.002,0.011
2715,2022.0,0.013,0.019,0.005,0.002,0.005
2716,2022.0,0.006,0.007,0.005,0.002,0.005
2717,2022.0,0.016,0.011,0.005,0.002,0.005
2718,2022.0,0.007,0.019,0.005,0.002,0.005
2719,2022.0,0.04,0.007,0.013,0.002,0.013
2720,2022.0,0.008,0.005,0.024,0.002,0.024
2721,2022.0,0.006,0.099,0.005,0.003,0.005
2722,2022.0,0.006,0.005,0.005,0.002,0.005
2723,2022.0,0.028,0.034,0.007,0.002,0.007
2724,2022.0,0.018,0.009,0.005,0.002,0.005
2725,2022.0,0.013,0.005,0.009,0.002,0.009
2726,2022.0,0.006,0.027,0.005,0.002,0.005
2727,2022.0,0.011,0.036,0.005,0.002,0.005
2728,2022.0,0.011,0.011,0.053,0.002,0.053
2729,2022.0,0.015,0.007,0.011,0.002,0.011
2730,2022.0,0.031,0.02,0.015,0.002,0.015
2731,2022.0,0.009,0.016,0.007,0.002,0.007
2732,2022.0,0.022,0.009,0.005,0.002,0.005
2733,2022.0,0.024,0.015,0.008,0.002,0.008
2734,2022.0,0.005,0.005,0.007,0.002,0.007
2735,2022.0,0.01,0.011,0.005,0.002,0.005
2736,2022.0,0.014,0.013,0.009,0.002,0.009
2737,2022.0,0.08,0.016,0.061,0.002,0.061
2738,2022.0,0.032,0.012,0.005,0.002,0.005
2739,2022.0,0.025,0.005,0.005,0.002,0.005
2740,2022.0,0.016,0.008,0.006,0.002,0.006
2741,2022.0,0.044,0.078,0.005,0.002,0.005
2742,2022.0,0.015,0.01,0.005,0.002,0.005
2743,2022.0,0.03,0.011,0.005,0.002,0.005
2744,2022.0,0.009,0.017,0.01,0.002,0.01
2745,2022.0,0.017,0.005,0.005,0.002,0.005
2746,2022.0,0.021,0.005,0.016,0.002,0.016
2747,2022.0,0.013,0.014,0.005,0.002,0.005
2748,2022.0,0.155,0.005,0.017,0.002,0.017
2749,2022.0,0.012,0.016,0.005,0.002,0.005
2750,2022.0,0.023,0.005,0.005,0.002,0.005
2751,2022.0,0.026,0.005,0.006,0.002,0.006
2752,2022.0,0.007,0.011,0.01,0.002,0.01
2753,2022.0,0.01,0.013,0.005,0.002,0.005
2754,2022.0,0.049,0.005,0.014,0.002,0.014
2755,2022.0,0.03,0.061,0.015,0.002,0.015
2756,2022.0,0.023,0.187,0.005,0.004,0.005
2757,2022.0,0.096,0.005,0.005,0.002,0.005
2758,2022.0,0.007,0.009,0.005,0.002,0.005
2759,2022.0,0.028,0.015,0.005,0.002,0.005
2760,2022.0,0.028,0.005,0.006,0.002,0.006
2761,2022.0,0.026,0.014,0.007,0.002,0.007
2762,2022.0,0.005,0.019,0.005,0.002,0.005
2763,2022.0,0.023,0.03,0.005,0.002,0.005
2764,2022.0,0.011,0.03,0.005,0.002,0.005
2765,2022.0,0.361,0.023,0.063,0.002,0.063
2766,2022.0,0.005,0.006,0.005,0.002,0.005
2767,2022.0,0.016,0.005,0.011,0.002,0.011
2768,2022.0,0.019,0.005,0.005,0.002,0.005
2769,2022.0,0.005,0.005,0.005,0.002,0.005
2770,2022.0,0.015,0.009,0.005,0.002,0.005
2771,2022.0,0.015,0.008,0.022,0.002,0.022
2772,2022.0,0.007,0.01,0.005,0.002,0.005
2773,2022.0,0.006,0.017,0.005,0.002,0.005
2774,2022.0,0.011,0.005,0.005,0.002,0.005
2775,2022.0,0.006,0.006,0.005,0.002,0.005
2776,2022.0,0.007,0.008,0.005,0.002,0.005
2777,2022.0,0.008,0.017,0.005,0.002,0.005
2778,2022.0,0.027,0.038,0.012,0.004,0.012
2779,2022.0,0.019,0.043,0.005,0.002,0.005
2780,2022.0,0.036,0.032,0.013,0.003,0.013
2781,2022.0,0.081,0.039,0.009,0.002,0.009
2782,2022.0,0.01,0.01,0.005,0.002,0.005
2783,2022.0,0.091,0.005,0.01,0.002,0.01
2784,2022.0,0.006,0.021,0.005,0.002,0.005
2785,2022.0,0.042,0.022,0.005,0.002,0.005
2786,2022.0,0.018,0.027,0.005,0.002,0.005
2787,2022.0,0.012,0.08,0.005,0.002,0.005
2788,2022.0,0.025,0.037,0.007,0.002,0.007
2789,2022.0,0.011,0.026,0.005,0.002,0.005
2790,2022.0,0.014,0.025,0.008,0.002,0.008
2791,2022.0,0.005,0.042,0.006,0.002,0.006
2792,2022.0,0.018,0.038,0.038,0.002,0.038
2793,2022.0,0.005,0.005,0.005,0.002,0.005
2794,2022.0,0.012,0.012,0.005,0.002,0.005
2795,2022.0,0.027,0.006,0.006,0.002,0.006
2796,2022.0,0.009,0.005,0.005,0.002,0.005
2797,2022.0,0.016,0.01,0.008,0.002,0.008
2798,2022.0,0.006,0.008,0.009,0.002,0.009
2799,2022.0,0.119,0.005,0.005,0.002,0.005
2800,2022.0,0.005,0.043,0.016,0.002,0.016
2801,2022.0,0.011,0.012,0.005,0.002,0.005
2802,2022.0,0.014,0.022,0.005,0.002,0.005
2803,2022.0,0.051,0.007,0.014,0.002,0.014
2804,2022.0,0.018,0.022,0.014,0.002,0.014
2805,2022.0,0.01,0.033,0.005,0.002,0.005
2806,2022.0,0.017,0.005,0.014,0.002,0.014
2807,2022.0,0.005,0.005,0.005,0.002,0.005
2808,2022.0,0.005,0.012,0.005,0.002,0.005
2809,2022.0,0.005,0.007,0.01,0.002,0.01
2810,2022.0,0.01,0.009,0.005,0.002,0.005
2811,2022.0,0.033,0.02,0.005,0.002,0.005
2812,2022.0,0.006,0.062,0.005,0.007,0.005
2813,2022.0,0.025,0.05,0.005,0.002,0.005
2814,2022.0,0.011,0.006,0.005,0.002,0.005
2815,2022.0,0.028,0.017,0.005,0.002,0.005
2816,2022.0,0.012,0.005,0.005,0.002,0.005
2817,2022.0,0.008,0.014,0.008,0.002,0.008
2818,2022.0,0.008,0.005,0.005,0.002,0.005
2819,2022.0,0.008,0.005,0.005,0.002,0.005
2820,2022.0,0.01,0.005,0.006,0.002,0.006
2821,2022.0,0.057,0.007,0.005,0.044,0.005
2822,2022.0,0.005,0.005,0.005,0.002,0.005
2823,2022.0,0.066,0.025,0.028,0.002,0.028
2824,2022.0,0.005,0.005,0.031,0.002,0.031
2825,2022.0,0.01,0.011,0.005,0.002,0.005
2826,2022.0,0.044,0.021,0.005,0.002,0.005
2827,2022.0,0.005,0.036,0.008,0.002,0.008
2828,2022.0,0.013,0.041,0.005,0.002,0.005
2829,2022.0,0.053,0.016,0.007,0.005,0.007
2830,2022.0,0.007,0.038,0.006,0.002,0.006
2831,2022.0,0.005,0.005,0.005,0.002,0.005
2832,2022.0,0.029,0.005,0.005,0.002,0.005
2833,2022.0,0.083,0.037,0.009,0.002,0.009
2834,2022.0,0.01,0.006,0.005,0.002,0.005
2835,2022.0,0.005,0.017,0.005,0.002,0.005
2836,2022.0,0.01,0.075,0.011,0.002,0.011
2837,2022.0,0.054,0.038,0.007,0.002,0.007
2838,2022.0,0.005,0.043,0.005,0.003,0.005
2839,2022.0,0.032,0.005,0.014,0.002,0.014
2840,2022.0,0.005,0.005,0.005,0.002,0.005
2841,2022.0,0.012,0.017,0.005,0.002,0.005
2842,2022.0,0.025,0.013,0.033,0.002,0.033
2843,2022.0,0.015,0.008,0.03,0.002,0.03
2844,2022.0,0.012,0.034,0.005,0.002,0.005
2845,2022.0,0.02,0.02,0.007,0.002,0.007
2846,2022.0,0.065,0.167,0.036,0.004,0.036
2847,2022.0,0.022,0.02,0.005,0.037,0.005
2848,2022.0,0.007,0.066,0.005,0.002,0.005
2849,2022.0,0.01,0.056,0.005,0.002,0.005
2850,2022.0,0.018,0.044,0.043,0.002,0.043
2851,2022.0,0.017,0.016,0.005,0.002,0.005
2852,2022.0,0.005,0.023,0.005,0.002,0.005
2853,2022.0,0.03,0.012,0.073,0.002,0.073
2854,2022.0,0.016,0.036,0.014,0.002,0.014
2855,2022.0,0.013,0.034,0.005,0.002,0.005
2856,2022.0,0.005,0.229,0.005,0.006,0.005
2857,2022.0,0.065,0.013,0.05,0.002,0.05
2858,2022.0,0.016,0.017,0.005,0.002,0.005
2859,2022.0,0.007,0.029,0.005,0.002,0.005
2860,2022.0,0.013,0.012,0.008,0.002,0.008
2861,2022.0,0.011,0.111,0.005,0.002,0.005
2862,2022.0,0.024,0.039,0.013,0.017,0.013
2863,2022.0,0.037,0.019,0.005,0.054,0.005
2864,2022.0,0.045,0.015,0.032,0.002,0.032
2865,2022.0,0.012,0.016,0.005,0.002,0.005
2866,2022.0,0.012,0.01,0.005,0.002,0.005
2867,2022.0,0.005,0.005,0.009,0.007,0.009
2868,2022.0,0.005,0.005,0.005,0.002,0.005
2869,2022.0,0.009,0.005,0.006,0.002,0.006
2870,2022.0,0.075,0.008,0.039,0.007,0.039
2871,2022.0,0.047,0.025,0.005,0.002,0.005
2872,2022.0,0.064,0.059,0.013,0.003,0.013
2873,2022.0,0.026,0.026,0.026,0.01,0.026
2874,2022.0,0.005,0.012,0.005,0.002,0.005
2875,2022.0,0.01,0.011,0.019,0.002,0.019
2876,2022.0,0.005,0.008,0.006,0.002,0.006
2877,2022.0,0.005,0.006,0.007,0.053,0.007
2878,2022.0,0.008,0.011,0.005,0.002,0.005
2879,2022.0,0.034,0.008,0.008,0.002,0.008
2880,2022.0,0.061,0.018,0.005,0.002,0.005
2881,2022.0,0.016,0.009,0.005,0.002,0.005
2882,2022.0,0.005,0.005,0.008,0.002,0.008
2883,2022.0,0.005,0.008,0.005,0.002,0.005
2884,2022.0,0.01,0.011,0.014,0.002,0.014
2885,2022.0,0.005,0.005,0.012,0.002,0.012
2886,2022.0,0.011,0.028,0.005,0.002,0.005
2887,2022.0,0.017,0.005,0.005,0.002,0.005
2888,2022.0,0.005,0.01,0.01,0.003,0.01
2889,2022.0,0.023,0.023,0.005,0.002,0.005
2890,2022.0,0.012,0.014,0.06,0.002,0.06
2891,2022.0,0.095,0.006,0.008,0.002,0.008
2892,2022.0,0.006,0.009,0.011,0.002,0.011
2893,2022.0,0.008,0.041,0.064,0.007,0.064
2894,2022.0,0.005,0.005,0.011,0.002,0.011
2895,2022.0,0.012,0.005,0.005,0.002,0.005
2896,2022.0,0.009,0.005,0.006,0.002,0.006
2897,2022.0,0.005,0.014,0.011,0.003,0.011
2898,2022.0,0.016,0.007,0.013,0.002,0.013
2899,2022.0,0.01,0.051,0.005,0.002,0.005
2900,2022.0,0.014,0.013,0.008,0.002,0.008
2901,2022.0,0.007,0.005,0.005,0.002,0.005
2902,2022.0,0.019,0.006,0.027,0.002,0.027
2903,2022.0,0.016,0.02,0.006,0.002,0.006
2904,2022.0,0.007,0.012,0.005,0.002,0.005
2905,2022.0,0.034,0.005,0.017,0.002,0.017
2906,2022.0,0.006,0.024,0.005,0.002,0.005
2907,2022.0,0.017,0.023,0.006,0.002,0.006
2908,2022.0,0.028,0.038,0.02,0.002,0.02
2909,2022.0,0.009,0.007,0.006,0.006,0.006
2910,2022.0,0.007,0.017,0.005,0.002,0.005
2911,2022.0,0.009,0.005,0.005,0.002,0.005
2912,2022.0,0.017,0.007,0.005,0.002,0.005
2913,2022.0,0.007,0.011,0.007,0.003,0.007
2914,2022.0,0.009,0.012,0.005,0.002,0.005
2915,2022.0,0.012,0.01,0.015,0.007,0.015
2916,2022.0,0.059,0.039,0.009,0.003,0.009
2917,2022.0,0.008,0.012,0.007,0.002,0.007
2918,2022.0,0.01,0.191,0.005,0.004,0.005
2919,2022.0,0.011,0.005,0.024,0.002,0.024
2920,2022.0,0.005,0.025,0.009,0.002,0.009
2921,2022.0,0.014,0.035,0.005,0.002,0.005
2922,2022.0,0.005,0.006,0.005,0.007,0.005
2923,2022.0,0.006,0.039,0.005,0.002,0.005
2924,2022.0,0.014,0.081,0.005,0.008,0.005
2925,2022.0,0.009,0.035,0.005,0.002,0.005
2926,2022.0,0.005,0.005,0.005,0.002,0.005
2927,2022.0,0.022,0.014,0.005,0.002,0.005
2928,2022.0,0.006,0.014,0.005,0.002,0.005
2929,2022.0,0.005,0.014,0.005,0.002,0.005
2930,2022.0,0.056,0.213,0.005,0.006,0.005
2931,2022.0,0.021,0.005,0.007,0.002,0.007
2932,2022.0,0.005,0.007,0.005,0.002,0.005
2933,2022.0,0.032,0.017,0.005,0.002,0.005
2934,2022.0,0.014,0.016,0.005,0.002,0.005
2935,2022.0,0.005,0.012,0.005,0.002,0.005
2936,2022.0,0.005,0.017,0.005,0.003,0.005
2937,2022.0,0.005,0.023,0.005,0.004,0.005
2938,2022.0,0.008,0.044,0.005,0.002,0.005
2939,2022.0,0.015,0.013,0.01,0.01,0.01
2940,2022.0,0.014,0.011,0.009,0.002,0.009
2941,2022.0,0.024,0.015,0.007,0.007,0.007
2942,2022.0,0.012,0.019,0.006,0.031,0.006
2943,2022.0,0.005,0.16,0.005,0.004,0.005
2944,2022.0,0.016,0.047,0.028,0.028,0.028
2945,2022.0,0.013,0.062,0.005,0.002,0.005
2946,2022.0,0.006,0.008,0.005,0.004,0.005
2947,2022.0,0.012,0.007,0.005,0.002,0.005
2948,2022.0,0.047,0.008,0.008,0.041,0.008
2949,2022.0,0.021,0.011,0.014,0.002,0.014
2950,2022.0,0.072,0.005,0.01,0.002,0.01
2951,2022.0,0.044,0.021,0.02,0.002,0.02
2952,2022.0,0.007,0.011,0.041,0.002,0.041
2953,2022.0,0.075,0.326,0.013,0.005,0.013
2954,2022.0,0.009,0.099,0.093,0.002,0.093
2955,2022.0,0.234,0.063,0.027,0.026,0.027
2956,2022.0,0.008,0.072,0.005,0.002,0.005
2957,2022.0,0.018,0.012,0.005,0.002,0.005
2958,2022.0,0.005,0.005,0.005,0.002,0.005
2959,2022.0,0.007,0.037,0.008,0.002,0.008
2960,2022.0,0.023,0.015,0.005,0.002,0.005
2961,2022.0,0.009,0.013,0.005,0.002,0.005
2962,2022.0,0.021,0.189,0.005,0.022,0.005
2963,2022.0,0.005,0.005,0.008,0.041,0.008
2964,2022.0,0.018,0.04,0.005,0.03,0.005
2965,2022.0,0.005,0.005,0.005,0.002,0.005
2966,2022.0,0.051,0.037,0.005,0.002,0.005
2967,2022.0,0.03,0.052,0.005,0.025,0.005
2968,2022.0,0.005,0.056,0.026,0.004,0.026
2969,2022.0,0.007,0.188,0.008,0.004,0.008
2970,2022.0,0.016,0.005,0.007,0.002,0.007
2971,2022.0,0.014,0.006,0.009,0.002,0.009
2972,2022.0,0.005,0.005,0.005,0.002,0.005
2973,2022.0,0.024,0.082,0.026,0.003,0.026
2974,2022.0,0.01,0.016,0.084,0.002,0.084
2975,2022.0,0.006,0.021,0.008,0.003,0.008
2976,2022.0,0.006,0.01,0.073,0.002,0.073
2977,2022.0,0.036,0.005,0.049,0.003,0.049
2978,2022.0,0.014,0.006,0.005,0.002,0.005
2979,2022.0,0.281,0.01,0.108,0.004,0.108
2980,2022.0,0.009,0.01,0.005,0.021,0.005
2981,2022.0,0.017,0.008,0.005,0.003,0.005
2982,2022.0,0.008,0.022,0.037,0.003,0.037
2983,2022.0,0.039,0.008,0.01,0.002,0.01
2984,2022.0,0.006,0.053,0.005,0.004,0.005
2985,2022.0,0.011,0.005,0.006,0.002,0.006
2986,2022.0,0.005,0.007,0.007,0.002,0.007
2987,2022.0,0.01,0.06,0.005,0.003,0.005
2988,2022.0,0.005,0.006,0.011,0.002,0.011
2989,2022.0,0.013,0.031,0.007,0.002,0.007
2990,2022.0,0.018,0.03,0.005,0.005,0.005
2991,2022.0,0.017,0.083,0.005,0.003,0.005
2992,2022.0,0.013,0.012,0.007,0.002,0.007
2993,2022.0,0.005,0.012,0.005,0.002,0.005
2994,2022.0,0.274,0.022,0.01,0.004,0.01
2995,2022.0,0.005,0.1,0.005,0.005,0.005
2996,2022.0,0.014,0.022,0.005,0.002,0.005
2997,2022.0,0.023,0.028,0.012,0.002,0.012
2998,2022.0,0.005,0.006,0.011,0.002,0.011
2999,2022.0,0.014,0.022,0.013,0.003,0.013
3000,2022.0,0.018,0.017,0.013,0.003,0.013
3001,2022.0,0.005,0.019,0.051,0.002,0.051
3002,2022.0,0.011,0.006,0.005,0.002,0.005
3003,2022.0,0.005,0.005,0.013,0.002,0.013
3004,2022.0,0.014,0.04,0.012,0.003,0.012
3005,2022.0,0.01,0.019,0.007,0.003,0.007
3006,2022.0,0.006,0.005,0.016,0.002,0.016
3007,2022.0,0.009,0.021,0.009,0.002,0.009
3008,2022.0,0.012,0.021,0.059,0.004,0.059
3009,2022.0,0.014,0.011,0.005,0.002,0.005
3010,2022.0,0.07,0.023,0.005,0.006,0.005
3011,2022.0,0.026,0.114,0.005,0.022,0.005
3012,2022.0,0.012,0.156,0.005,0.017,0.005
3013,2022.0,0.126,0.051,0.012,0.017,0.012
3014,2022.0,0.01,0.005,0.008,0.01,0.008
3015,2022.0,0.005,0.03,0.01,0.002,0.01
3016,2022.0,0.083,0.009,0.007,0.002,0.007
3017,2022.0,0.006,0.05,0.007,0.003,0.007
3018,2022.0,0.005,0.01,0.005,0.002,0.005
3019,2022.0,0.015,0.095,0.005,0.002,0.005
3020,2022.0,0.014,0.02,0.005,0.002,0.005
3021,2022.0,0.036,0.006,0.005,0.002,0.005
3022,2022.0,0.085,0.018,0.033,0.002,0.033
3023,2022.0,0.031,0.007,0.005,0.002,0.005
3024,2022.0,0.053,0.007,0.043,0.002,0.043
3025,2022.0,0.03,0.091,0.011,0.002,0.011
3026,2022.0,0.005,0.008,0.005,0.002,0.005
3027,2022.0,0.019,0.006,0.005,0.002,0.005
3028,2022.0,0.016,0.054,0.005,0.006,0.005
3029,2022.0,0.028,0.03,0.005,0.002,0.005
3030,2022.0,0.089,0.015,0.005,0.002,0.005
3031,2022.0,0.28,0.044,0.025,0.002,0.025
3032,2022.0,0.01,0.043,0.005,0.002,0.005
3033,2022.0,0.168,0.092,0.018,0.002,0.018
3034,2022.0,0.091,0.008,0.014,0.002,0.014
3035,2022.0,0.272,0.006,0.013,0.002,0.013
3036,2022.0,0.014,0.008,0.007,0.002,0.007
3037,2022.0,0.009,0.029,0.005,0.002,0.005
3038,2022.0,0.156,0.007,0.008,0.003,0.008
3039,2022.0,0.005,0.005,0.044,0.002,0.044
3040,2022.0,0.014,0.005,0.005,0.002,0.005
3041,2022.0,0.024,0.03,0.007,0.002,0.007
3042,2022.0,0.024,0.024,0.037,0.002,0.037
3043,2022.0,0.013,0.024,0.015,0.002,0.015
3044,2022.0,0.014,0.012,0.005,0.002,0.005
3045,2022.0,0.019,0.008,0.014,0.002,0.014
3046,2022.0,0.01,0.01,0.007,0.002,0.007
3047,2022.0,0.009,0.03,0.005,0.002,0.005
3048,2022.0,0.118,0.065,0.045,0.002,0.045
3049,2022.0,0.064,0.011,0.023,0.002,0.023
3050,2022.0,0.011,0.028,0.005,0.003,0.005
3051,2022.0,0.103,0.073,0.005,0.01,0.005
3052,2022.0,0.01,0.027,0.005,0.003,0.005
3053,2022.0,0.028,0.011,0.017,0.01,0.017
3054,2022.0,0.009,0.005,0.012,0.002,0.012
3055,2022.0,0.013,0.068,0.005,0.006,0.005
3056,2022.0,0.015,0.017,0.005,0.002,0.005
3057,2022.0,0.027,0.013,0.005,0.002,0.005
3058,2022.0,0.01,0.039,0.009,0.002,0.009
3059,2022.0,0.132,0.034,0.005,0.004,0.005
3060,2022.0,0.01,0.006,0.005,0.002,0.005
3061,2022.0,0.015,0.016,0.016,0.002,0.016
3062,2022.0,0.008,0.005,0.005,0.002,0.005
3063,2022.0,0.005,0.018,0.005,0.002,0.005
3064,2022.0,0.05,0.016,0.006,0.002,0.006
3065,2022.0,0.021,0.012,0.005,0.002,0.005
3066,2022.0,0.016,0.005,0.006,0.002,0.006
3067,2022.0,0.005,0.01,0.008,0.002,0.008
3068,2022.0,0.008,0.005,0.005,0.002,0.005
3069,2022.0,0.005,0.043,0.039,0.002,0.039
3070,2022.0,0.006,0.049,0.011,0.002,0.011
3071,2022.0,0.008,0.013,0.007,0.002,0.007
3072,2022.0,0.038,0.006,0.005,0.002,0.005
3073,2022.0,0.005,0.009,0.005,0.002,0.005
3074,2022.0,0.021,0.033,0.005,0.03,0.005
3075,2022.0,0.025,0.07,0.011,0.002,0.011
3076,2022.0,0.016,0.005,0.006,0.002,0.006
3077,2022.0,0.005,0.019,0.005,0.004,0.005
3078,2022.0,0.01,0.021,0.041,0.002,0.041
3079,2022.0,0.059,0.013,0.006,0.002,0.006
3080,2022.0,0.006,0.005,0.005,0.002,0.005
3081,2022.0,0.024,0.008,0.008,0.002,0.008
3082,2022.0,0.011,0.019,0.005,0.002,0.005
3083,2022.0,0.031,0.058,0.02,0.002,0.02
3084,2022.0,0.014,0.038,0.006,0.002,0.006
3085,2022.0,0.135,0.045,0.006,0.002,0.006
3086,2022.0,0.006,0.024,0.005,0.002,0.005
3087,2022.0,0.083,0.063,0.017,0.002,0.017
3088,2022.0,0.55,0.071,0.019,0.002,0.019
3089,2022.0,0.009,0.006,0.116,0.002,0.116
3090,2022.0,0.006,0.214,0.005,0.008,0.005
3091,2022.0,0.007,0.005,0.005,0.002,0.005
3092,2022.0,0.178,0.068,0.009,0.002,0.009
3093,2022.0,0.013,0.052,0.005,0.002,0.005
3094,2022.0,0.09,0.012,0.013,0.002,0.013
3095,2022.0,0.01,0.005,0.006,0.002,0.006
3096,2022.0,0.15,0.021,0.007,0.002,0.007
3097,2022.0,0.052,0.015,0.015,0.002,0.015
3098,2022.0,0.01,0.006,0.005,0.002,0.005
3099,2022.0,0.044,0.005,0.01,0.002,0.01
3100,2022.0,0.083,0.035,0.046,0.002,0.046
3101,2022.0,0.005,0.013,0.005,0.002,0.005
3102,2022.0,0.005,0.043,0.005,0.002,0.005
3103,2022.0,0.013,0.054,0.009,0.002,0.009
3104,2022.0,0.164,0.005,0.026,0.002,0.026
3105,2022.0,0.128,0.071,0.01,0.002,0.01
3106,2022.0,0.022,0.014,0.017,0.002,0.017
3107,2022.0,0.005,0.015,0.005,0.002,0.005
3108,2022.0,0.113,0.006,0.005,0.002,0.005
3109,2022.0,0.058,0.017,0.027,0.002,0.027
3110,2022.0,0.007,0.01,0.005,0.002,0.005
3111,2022.0,0.005,0.059,0.005,0.002,0.005
3112,2022.0,0.005,0.007,0.007,0.002,0.007
3113,2022.0,0.015,0.007,0.005,0.002,0.005
3114,2022.0,0.005,0.024,0.007,0.002,0.007
3115,2022.0,0.034,0.022,0.014,0.002,0.014
3116,2022.0,0.031,0.016,0.005,0.002,0.005
3117,2022.0,0.01,0.021,0.005,0.002,0.005
3118,2022.0,0.017,0.008,0.006,0.002,0.006
3119,2022.0,0.005,0.005,0.005,0.002,0.005
3120,2022.0,0.02,0.019,0.005,0.002,0.005
3121,2022.0,0.007,0.045,0.007,0.002,0.007
3122,2022.0,0.142,0.044,0.011,0.002,0.011
3123,2022.0,0.013,0.019,0.005,0.002,0.005
3124,2022.0,0.007,0.011,0.005,0.002,0.005
3125,2022.0,0.006,0.019,0.005,0.002,0.005
3126,2022.0,0.021,0.006,0.005,0.002,0.005
3127,2022.0,0.093,0.005,0.005,0.002,0.005
3128,2022.0,0.032,0.019,0.005,0.002,0.005
3129,2022.0,0.008,0.031,0.005,0.002,0.005
3130,2022.0,0.014,0.03,0.005,0.002,0.005
3131,2022.0,0.005,0.011,0.045,0.002,0.045
3132,2022.0,0.01,0.03,0.005,0.002,0.005
3133,2022.0,0.005,0.005,0.005,0.002,0.005
3134,2022.0,0.01,0.007,0.03,0.002,0.03
3135,2022.0,0.026,0.07,0.005,0.002,0.005
3136,2022.0,0.009,0.005,0.005,0.002,0.005
3137,2022.0,0.014,0.007,0.005,0.002,0.005
3138,2022.0,0.005,0.034,0.005,0.002,0.005
3139,2022.0,0.021,0.005,0.005,0.002,0.005
3140,2022.0,0.012,0.008,0.005,0.002,0.005
3141,2022.0,0.008,0.006,0.005,0.002,0.005
3142,2022.0,0.022,0.096,0.005,0.002,0.005
3143,2022.0,0.1,0.06,0.005,0.002,0.005
3144,2022.0,0.068,0.031,0.005,0.002,0.005
3145,2022.0,0.006,0.018,0.005,0.002,0.005
3146,2022.0,0.018,0.008,0.007,0.002,0.007
3147,2022.0,0.009,0.008,0.005,0.002,0.005
3148,2022.0,0.007,0.044,0.005,0.002,0.005
3149,2022.0,0.005,0.007,0.005,0.002,0.005
3150,2022.0,0.03,0.005,0.005,0.002,0.005
3151,2022.0,0.01,0.005,0.005,0.002,0.005
3152,2022.0,0.024,0.049,0.005,0.002,0.005
3153,2022.0,0.008,0.022,0.005,0.002,0.005
3154,2022.0,0.051,0.01,0.014,0.002,0.014
3155,2022.0,0.012,0.01,0.018,0.002,0.018
3156,2022.0,0.005,0.005,0.005,0.002,0.005
3157,2022.0,0.053,0.026,0.062,0.002,0.062
3158,2022.0,0.008,0.029,0.005,0.002,0.005
3159,2022.0,0.019,0.012,0.008,0.002,0.008
3160,2022.0,0.054,0.054,0.006,0.002,0.006
3161,2022.0,0.04,0.027,0.005,0.002,0.005
3162,2022.0,0.024,0.009,0.005,0.002,0.005
3163,2022.0,0.005,0.006,0.011,0.002,0.011
3164,2022.0,0.013,0.018,0.005,0.002,0.005
3165,2022.0,0.005,0.012,0.005,0.002,0.005
3166,2022.0,0.045,0.016,0.044,0.002,0.044
3167,2022.0,0.007,0.006,0.005,0.002,0.005
3168,2022.0,0.016,0.005,0.005,0.002,0.005
3169,2022.0,0.069,0.005,0.007,0.002,0.007
3170,2022.0,0.017,0.006,0.005,0.002,0.005
3171,2022.0,0.02,0.018,0.008,0.002,0.008
3172,2022.0,0.009,0.013,0.005,0.002,0.005
3173,2022.0,0.056,0.026,0.05,0.002,0.05
3174,2022.0,0.022,0.012,0.006,0.002,0.006
3175,2022.0,0.007,0.061,0.005,0.002,0.005
3176,2022.0,0.053,0.008,0.005,0.002,0.005
3177,2022.0,0.016,0.012,0.008,0.002,0.008
3178,2022.0,0.049,0.005,0.005,0.002,0.005
3179,2022.0,0.019,0.005,0.005,0.002,0.005
3180,2022.0,0.005,0.036,0.012,0.002,0.012
3181,2022.0,0.005,0.016,0.005,0.002,0.005
3182,2022.0,0.013,0.023,0.008,0.002,0.008
3183,2022.0,0.028,0.006,0.005,0.002,0.005
3184,2022.0,0.021,0.04,0.006,0.002,0.006
3185,2022.0,0.023,0.079,0.041,0.003,0.041
3186,2022.0,0.015,0.031,0.006,0.002,0.006
3187,2022.0,0.005,0.005,0.005,0.002,0.005
3188,2022.0,0.044,0.005,0.014,0.002,0.014
3189,2022.0,0.011,0.025,0.005,0.002,0.005
3190,2022.0,0.015,0.052,0.015,0.002,0.015
3191,2022.0,0.012,0.014,0.005,0.002,0.005
3192,2022.0,0.005,0.024,0.008,0.002,0.008
3193,2022.0,0.027,0.041,0.027,0.002,0.027
3194,2022.0,0.029,0.005,0.008,0.002,0.008
3195,2022.0,0.006,0.015,0.005,0.002,0.005
3196,2022.0,0.008,0.034,0.005,0.002,0.005
3197,2022.0,0.014,0.007,0.006,0.002,0.006
3198,2022.0,0.022,0.047,0.005,0.002,0.005
3199,2022.0,0.005,0.024,0.005,0.002,0.005
3200,2022.0,0.011,0.049,0.006,0.002,0.006
3201,2022.0,0.029,0.037,0.005,0.002,0.005
3202,2022.0,0.076,0.067,0.008,0.002,0.008
3203,2022.0,0.069,0.018,0.005,0.002,0.005
3204,2022.0,0.086,0.021,0.064,0.002,0.064
3205,2022.0,0.029,0.005,0.019,0.004,0.019
3206,2022.0,0.013,0.034,0.029,0.002,0.029
3207,2022.0,0.033,0.01,0.005,0.002,0.005
3208,2022.0,0.123,0.032,0.005,0.002,0.005
3209,2022.0,0.005,0.028,0.005,0.002,0.005
3210,2022.0,0.051,0.022,0.025,0.002,0.025
3211,2022.0,0.011,0.047,0.005,0.002,0.005
3212,2022.0,0.017,0.013,0.005,0.002,0.005
3213,2022.0,0.022,0.012,0.005,0.002,0.005
3214,2022.0,0.008,0.012,0.043,0.002,0.043
3215,2022.0,0.008,0.007,0.005,0.002,0.005
3216,2022.0,0.005,0.005,0.006,0.002,0.006
3217,2022.0,0.005,0.023,0.005,0.002,0.005
3218,2022.0,0.005,0.01,0.005,0.002,0.005
3219,2022.0,0.015,0.083,0.009,0.002,0.009
3220,2022.0,0.005,0.038,0.005,0.002,0.005
3221,2022.0,0.043,0.073,0.014,0.002,0.014
3222,2022.0,0.007,0.008,0.005,0.002,0.005
3223,2022.0,0.023,0.007,0.008,0.002,0.008
3224,2022.0,0.011,0.011,0.005,0.002,0.005
3225,2022.0,0.007,0.009,0.005,0.002,0.005
3226,2022.0,0.005,0.005,0.005,0.002,0.005
3227,2022.0,0.014,0.009,0.005,0.002,0.005
3228,2022.0,0.043,0.016,0.032,0.002,0.032
3229,2022.0,0.005,0.01,0.005,0.002,0.005
3230,2022.0,0.006,0.005,0.005,0.002,0.005
3231,2022.0,0.006,0.027,0.005,0.002,0.005
3232,2022.0,0.085,0.01,0.005,0.002,0.005
3233,2022.0,0.005,0.034,0.005,0.002,0.005
3234,2022.0,0.093,0.006,0.008,0.002,0.008
3235,2022.0,0.005,0.018,0.005,0.002,0.005
3236,2022.0,0.061,0.01,0.005,0.002,0.005
3237,2022.0,0.029,0.038,0.005,0.002,0.005
3238,2022.0,0.047,0.009,0.005,0.002,0.005
3239,2022.0,0.006,0.008,0.005,0.002,0.005
3240,2022.0,0.006,0.015,0.005,0.002,0.005
3241,2022.0,0.008,0.033,0.005,0.002,0.005
3242,2022.0,0.005,0.009,0.005,0.002,0.005
3243,2022.0,0.007,0.016,0.005,0.002,0.005
3244,2022.0,0.009,0.009,0.005,0.002,0.005
3245,2022.0,0.017,0.034,0.005,0.002,0.005
3246,2022.0,0.005,0.006,0.025,0.002,0.025
3247,2022.0,0.113,0.013,0.008,0.002,0.008
3248,2022.0,0.005,0.009,0.005,0.002,0.005
3249,2022.0,0.011,0.024,0.005,0.002,0.005
3250,2022.0,0.026,0.005,0.067,0.002,0.067
3251,2022.0,0.005,0.007,0.005,0.002,0.005
3252,2022.0,0.005,0.005,0.019,0.002,0.019
3253,2022.0,0.005,0.024,0.005,0.002,0.005
3254,2022.0,0.019,0.007,0.005,0.002,0.005
3255,2022.0,0.015,0.008,0.027,0.002,0.027
3256,2022.0,0.006,0.021,0.016,0.002,0.016
3257,2022.0,0.005,0.01,0.015,0.002,0.015
3258,2022.0,0.01,0.016,0.005,0.002,0.005
3259,2022.0,0.005,0.005,0.005,0.002,0.005
3260,2022.0,0.005,0.005,0.005,0.002,0.005
3261,2022.0,0.02,0.023,0.005,0.002,0.005
3262,2022.0,0.007,0.014,0.005,0.002,0.005
3263,2022.0,0.017,0.063,0.024,0.002,0.024
3264,2022.0,0.048,0.01,0.019,0.002,0.019
3265,2022.0,0.005,0.006,0.017,0.002,0.017
3266,2022.0,0.016,0.009,0.005,0.002,0.005
3267,2022.0,0.005,0.005,0.011,0.002,0.011
3268,2022.0,0.072,0.01,0.013,0.002,0.013
3269,2022.0,0.009,0.018,0.005,0.002,0.005
3270,2022.0,0.03,0.01,0.005,0.002,0.005
3271,2022.0,0.022,0.011,0.005,0.002,0.005
3272,2022.0,0.092,0.035,0.008,0.002,0.008
3273,2022.0,0.005,0.007,0.005,0.002,0.005
3274,2022.0,0.005,0.036,0.071,0.006,0.071
3275,2022.0,0.005,0.005,0.005,0.002,0.005
3276,2022.0,0.005,0.005,0.005,0.002,0.005
3277,2022.0,0.021,0.014,0.01,0.002,0.01
3278,2022.0,0.021,0.005,0.005,0.002,0.005
3279,2022.0,0.01,0.005,0.005,0.002,0.005
3280,2022.0,0.024,0.005,0.011,0.002,0.011
3281,2022.0,0.03,0.008,0.043,0.002,0.043
3282,2022.0,0.008,0.043,0.005,0.002,0.005
3283,2022.0,0.014,0.005,0.005,0.002,0.005
3284,2022.0,0.005,0.005,0.006,0.002,0.006
3285,2022.0,0.014,0.024,0.013,0.002,0.013
3286,2022.0,0.011,0.019,0.005,0.002,0.005
3287,2022.0,0.005,0.005,0.005,0.002,0.005
3288,2022.0,0.017,0.026,0.005,0.002,0.005
3289,2022.0,0.054,0.009,0.005,0.002,0.005
3290,2022.0,0.005,0.016,0.005,0.002,0.005
3291,2022.0,0.009,0.035,0.005,0.002,0.005
3292,2022.0,0.026,0.048,0.006,0.002,0.006
3293,2022.0,0.005,0.255,0.005,0.004,0.005
3294,2022.0,0.062,0.048,0.026,0.002,0.026
3295,2022.0,0.17,0.375,0.007,0.012,0.007
3296,2022.0,0.041,0.037,0.005,0.002,0.005
3297,2022.0,0.005,0.067,0.005,0.002,0.005
3298,2022.0,0.01,0.045,0.005,0.002,0.005
3299,2022.0,0.005,0.011,0.006,0.002,0.006
3300,2022.0,0.005,0.015,0.005,0.002,0.005
3301,2022.0,0.005,0.006,0.005,0.002,0.005
3302,2022.0,0.005,0.008,0.018,0.002,0.018
3303,2022.0,0.032,0.025,0.005,0.002,0.005
3304,2022.0,0.009,0.01,0.005,0.002,0.005
3305,2022.0,0.014,0.057,0.02,0.002,0.02
3306,2022.0,0.024,0.056,0.005,0.002,0.005
3307,2022.0,0.009,0.023,0.02,0.002,0.02
3308,2022.0,0.013,0.005,0.006,0.002,0.006
3309,2022.0,0.014,0.012,0.005,0.002,0.005
3310,2022.0,0.009,0.005,0.005,0.002,0.005
3311,2022.0,0.007,0.006,0.005,0.002,0.005
3312,2022.0,0.025,0.005,0.021,0.002,0.021
3313,2022.0,0.011,0.005,0.005,0.002,0.005
3314,2022.0,0.089,0.245,0.007,0.006,0.007
3315,2022.0,0.108,0.145,0.03,0.004,0.03
3316,2022.0,0.015,0.112,0.005,0.004,0.005
3317,2022.0,0.005,0.011,0.005,0.002,0.005
3318,2022.0,0.005,0.005,0.014,0.002,0.014
3319,2022.0,0.17,0.013,0.358,0.002,0.358
3320,2022.0,0.008,0.057,0.005,0.002,0.005
3321,2022.0,0.2,0.01,0.139,0.009,0.139
3322,2022.0,0.005,0.005,0.005,0.002,0.005
3323,2022.0,0.049,0.012,0.005,0.002,0.005
3324,2022.0,0.023,0.005,0.031,0.002,0.031
3325,2022.0,0.012,0.025,0.005,0.002,0.005
3326,2022.0,0.05,0.031,0.005,0.002,0.005
3327,2022.0,0.138,0.263,0.025,0.008,0.025
3328,2022.0,0.098,0.118,0.005,0.003,0.005
3329,2022.0,0.007,0.005,0.005,0.002,0.005
3330,2022.0,0.011,0.052,0.005,0.002,0.005
3331,2022.0,0.009,0.013,0.005,0.002,0.005
3332,2022.0,0.025,0.048,0.005,0.002,0.005
3333,2022.0,0.071,0.01,0.008,0.002,0.008
3334,2022.0,0.015,0.005,0.005,0.002,0.005
3335,2022.0,0.017,0.034,0.018,0.002,0.018
3336,2022.0,0.017,0.005,0.005,0.002,0.005
3337,2022.0,0.018,0.005,0.005,0.002,0.005
3338,2022.0,0.005,0.029,0.005,0.002,0.005
3339,2022.0,0.005,0.005,0.005,0.002,0.005
3340,2022.0,0.035,0.005,0.007,0.002,0.007
3341,2022.0,0.008,0.007,0.005,0.002,0.005
3342,2022.0,0.011,0.023,0.005,0.002,0.005
3343,2022.0,0.009,0.007,0.005,0.002,0.005
3344,2022.0,0.063,0.016,0.005,0.002,0.005
3345,2022.0,0.026,0.023,0.005,0.002,0.005
3346,2022.0,0.044,0.012,0.005,0.002,0.005
3347,2022.0,0.005,0.005,0.005,0.002,0.005
3348,2022.0,0.011,0.039,0.005,0.002,0.005
3349,2022.0,0.082,0.02,0.005,0.002,0.005
3350,2022.0,0.005,0.009,0.005,0.002,0.005
3351,2022.0,0.005,0.005,0.005,0.002,0.005
